CFRVYLIF,-0.493668,toxic
CYLVYHFF,-0.848424,toxic
CYIVYHYF,-0.937310,toxic
CRNVYGHF,-0.854138,toxic
CHLVYRHF,-0.459624,toxic
CRIVYRFF,-0.418913,toxic
CNVVYDYF,-0.329254,toxic
CNFVYNVF,-0.446126,toxic
CHRVYGDF,-1.340447,toxic
CLYVYNVF,-0.464215,toxic
CFYVYHIF,-0.491062,toxic
CFIVYNHF,-0.550643,toxic
CYNVYIRF,-1.094346,toxic
CYVVYCIF,-0.401184,toxic
CHGVYLFF,-0.513870,toxic
CSNVYHLF,-0.525900,toxic
CRDVYYGF,-0.933300,toxic
CDRVYIGF,-0.632670,toxic
CFGVYYVF,-0.428201,toxic
CCVVYLHF,-0.351387,toxic
CCLVYSHF,-0.470002,toxic
CSDVYNVF,-0.744377,toxic
CCIVYDRF,-0.667192,toxic
CFCVYYSF,-0.499970,toxic
CLNVYNYF,-0.563398,toxic
CCRVYGCF,-1.308984,toxic
CLHVYHDF,-0.461751,toxic
CHCVYGRF,-0.547315,toxic
CLVVYLIF,-0.464779,toxic
CYCVYDRF,-0.555124,toxic
CSNVYRLF,-0.357315,toxic
CSVVYVYF,-0.384894,toxic
CRGVYGVF,-0.452794,toxic
CVNVYRSF,-0.395040,toxic
CDGVYFIF,-0.536578,toxic
CSIVYCNF,-0.768123,toxic
CGHVYCIF,-0.867862,toxic
CDGVYCHF,-0.481549,toxic
CCVVYNLF,-0.346578,toxic
CNRVYILF,-0.486625,toxic
CSCVYDSF,-0.310174,toxic
CGHVYGHF,-0.919861,toxic
CCHVYRIF,-0.972407,toxic
CFDVYFRF,-1.060168,toxic
CGSVYYHF,-1.005417,toxic
CSYVYGLF,-0.590817,toxic
CVGVYLGF,-0.341452,toxic
CRYVYHVF,-0.353844,toxic
CGDVYGDF,-0.410589,toxic
CLYVYDNF,-0.339743,toxic
CDYVYYHF,-0.474030,toxic
CCNVYVIF,-0.514468,toxic
CSHVYGIF,-0.441512,toxic
CRCVYIFF,-0.825095,toxic
CVSVYSVF,-0.775126,toxic
CILVYYIF,-0.301685,toxic
CIYVYSCF,-0.397597,toxic
CDNVYGDF,-0.513248,toxic
CNFVYFSF,-0.453385,toxic
CYLVYGIF,-0.556599,toxic
CCNVYFDF,-0.339096,toxic
CFVVYYRF,-0.655227,toxic
CYVVYYVF,-0.729404,toxic
CFIVYGIF,-0.347132,toxic
CSIVYSGF,-0.784308,toxic
CGFVYRDF,-0.750132,toxic
CRIVYRSF,-0.405505,toxic
CFRVYDIF,-0.547827,toxic
CYHVYILF,-0.724045,toxic
CLFVYGDF,-0.378810,toxic
CYGVYHNF,-1.042142,toxic
CFVVYFGF,-0.642960,toxic
CDHVYYIF,-0.622440,toxic
CFNVYSHF,-0.501786,toxic
CLHVYFVF,-0.345317,toxic
CSGVYHGF,-0.718190,toxic
CYRVYSFF,-0.532748,toxic
CDIVYLHF,-0.496110,toxic
CGVVYCIF,-0.741389,toxic
CGVVYSVF,-0.354636,toxic
CRHVYYRF,-0.942080,toxic
CISVYDGF,-0.422815,toxic
CHDVYHRF,-0.607188,toxic
CHCVYHDF,-0.660466,toxic
CNSVYDIF,-0.447862,toxic
CHGVYHDF,-0.917983,toxic
CNCVYFYF,-0.393875,toxic
CHVVYVSF,-0.454347,toxic
CGDVYGVF,-1.192457,toxic
CFRVYYRF,-0.593478,toxic
CHVVYVDF,-0.338504,toxic
CYGVYRIF,-0.489665,toxic
CSDVYCGF,-0.808914,toxic
CYSVYLIF,-0.789884,toxic
CNFVYNDF,-0.552495,toxic
CYHVYCYF,-1.078200,toxic
CIDVYGVF,-0.630209,toxic
CDYVYYGF,-0.854887,toxic
CVSVYCIF,-0.467957,toxic
CDFVYIFF,-0.333604,toxic
CNRVYNRF,-0.378094,toxic
CLYVYVNF,-0.481926,toxic
CLIVYRFF,-0.508240,toxic
CHRVYDYF,-0.342859,toxic
CNFVYSRF,-0.548070,toxic
CYLVYVHF,-0.487034,toxic
CDYVYIRF,-0.436004,toxic
CNSVYCFF,-0.494546,toxic
CHSVYGNF,-0.692080,toxic
CGCVYYNF,-0.527754,toxic
CYVVYIDF,-0.565416,toxic
CHGVYHVF,-0.750152,toxic
CFVVYGFF,-0.496338,toxic
CFHVYDNF,-0.614202,toxic
CDSVYDFF,-0.424064,toxic
CIDVYRHF,-0.495201,toxic
CFCVYRSF,-0.438218,toxic
CLDVYIVF,-0.376026,toxic
CDVVYCRF,-0.778828,toxic
CVRVYNHF,-0.590750,toxic
CLIVYNFF,-0.335665,toxic
CFGVYRGF,-0.641166,toxic
CLGVYVRF,-0.342803,toxic
CDIVYYRF,-0.633002,toxic
CCDVYCNF,-0.335472,toxic
CVNVYFIF,-0.306269,toxic
CDCVYYRF,-0.369002,toxic
CFRVYIRF,-0.418623,toxic
CDCVYVIF,-0.644656,toxic
CCYVYDFF,-0.388913,toxic
CCGVYGCF,-0.549216,toxic
CIYVYIFF,-0.472348,toxic
CDCVYFGF,-0.562207,toxic
CICVYFGF,-0.325100,toxic
CDNVYDYF,-0.301233,toxic
CNVVYFYF,-0.613897,toxic
CNCVYLDF,-0.471090,toxic
CHDVYHDF,-0.508917,toxic
CRGVYCSF,-0.904553,toxic
CHIVYCVF,-0.788386,toxic
CGFVYILF,-0.360931,toxic
CGRVYLDF,-0.517209,toxic
CLCVYRIF,-0.339844,toxic
CINVYCSF,-0.622007,toxic
CYGVYISF,-0.732645,toxic
CNHVYGFF,-0.374569,toxic
CIHVYSCF,-0.645875,toxic
CYHVYHRF,-0.447405,toxic
CGYVYGRF,-0.538419,toxic
CIHVYVIF,-0.554833,toxic
CHCVYNRF,-0.633266,toxic
CGDVYYCF,-0.863388,toxic
CIVVYVIF,-0.569624,toxic
CHVVYSRF,-0.543760,toxic
CCHVYHCF,-0.450698,toxic
CDCVYGFF,-0.498905,toxic
CNDVYDCF,-0.789822,toxic
CRFVYFLF,-0.571258,toxic
CNGVYSVF,-0.684138,toxic
CDCVYLGF,-0.495695,toxic
CDGVYVRF,-0.755712,toxic
CCNVYDVF,-0.625584,toxic
CGSVYLVF,-0.426638,toxic
CFHVYGIF,-0.746474,toxic
CDVVYLDF,-0.660586,toxic
CSNVYHRF,-0.679917,toxic
CRNVYINF,-0.871077,toxic
CVSVYNHF,-0.683093,toxic
CNCVYCDF,-0.476175,toxic
CRVVYDVF,-0.603968,toxic
CDYVYLCF,-0.798819,toxic
CIDVYYRF,-0.451859,toxic
CLDVYSDF,-0.449734,toxic
CNLVYHCF,-0.834446,toxic
CCFVYHDF,-0.527734,toxic
CVHVYYDF,-0.654392,toxic
CVLVYYIF,-0.417200,toxic
CFVVYHGF,-0.902459,toxic
CLIVYSHF,-0.912980,toxic
CGNVYCFF,-0.677252,toxic
CFCVYFLF,-0.690038,toxic
CFIVYVHF,-0.599515,toxic
CDCVYLYF,-0.496175,toxic
CYCVYLNF,-0.571707,toxic
CSRVYSCF,-0.533810,toxic
CRDVYLVF,-0.303526,toxic
CRSVYIDF,-0.411752,toxic
CFIVYLFF,-0.734578,toxic
CVIVYCDF,-0.593416,toxic
CLDVYCYF,-0.528791,toxic
CRHVYLIF,-0.541064,toxic
CCFVYHYF,-0.419464,toxic
CFVVYFCF,-0.908763,toxic
CRSVYDSF,-0.318175,toxic
CYHVYGIF,-0.557835,toxic
CGFVYVSF,-0.451918,toxic
CVFVYLSF,-0.974328,toxic
CINVYCFF,-0.343812,toxic
CSDVYHSF,-0.858771,toxic
CDYVYLNF,-0.609565,toxic
CGHVYFIF,-0.880405,toxic
CSFVYHSF,-0.721532,toxic
CDLVYVNF,-0.720930,toxic
CCNVYDRF,-0.397454,toxic
CFLVYYSF,-0.492418,toxic
CNIVYIRF,-0.773033,toxic
CFSVYRSF,-0.723664,toxic
CCYVYCRF,-0.708291,toxic
CSNVYCRF,-0.306058,toxic
CLRVYRYF,-0.460455,toxic
CRHVYDSF,-0.351579,toxic
CRLVYSCF,-0.714090,toxic
CIRVYSLF,-0.378465,toxic
CFGVYGFF,-0.563767,toxic
CFHVYIHF,-0.386822,toxic
CGIVYCYF,-0.583020,toxic
CVSVYVLF,-0.340056,toxic
CIGVYSCF,-0.632214,toxic
CHYVYDLF,-0.376737,toxic
CNYVYHGF,-0.401583,toxic
CICVYRIF,-0.326536,toxic
CDHVYDFF,-0.410214,toxic
CRCVYLHF,-0.984834,toxic
CYHVYSHF,-0.920297,toxic
CGHVYDLF,-0.547854,toxic
CGSVYVNF,-0.506166,toxic
CHGVYFLF,-0.720219,toxic
CDNVYSLF,-0.318894,toxic
CDVVYVRF,-0.626952,toxic
CGSVYSRF,-0.457840,toxic
CSYVYRNF,-0.342482,toxic
CFRVYLNF,-0.776194,toxic
CVCVYVGF,-0.919532,toxic
CGRVYVHF,-0.482901,toxic
CDSVYLDF,-0.796863,toxic
CVYVYRLF,-0.728214,toxic
CGFVYSGF,-0.493916,toxic
CCGVYCGF,-0.510844,toxic
CNCVYSDF,-0.352412,toxic
CNGVYSLF,-0.719092,toxic
CVFVYDGF,-0.399120,toxic
CHDVYISF,-0.568310,toxic
CRCVYNLF,-0.756419,toxic
CDHVYCVF,-0.757104,toxic
CNDVYGYF,-0.559735,toxic
CLDVYVGF,-0.878971,toxic
CHGVYDHF,-0.497715,toxic
CYNVYDFF,-0.362397,toxic
CYFVYCSF,-0.540926,toxic
CGYVYYCF,-0.665827,toxic
CGLVYIRF,-0.869117,toxic
CFYVYDHF,-0.928550,toxic
CICVYYHF,-0.403587,toxic
CSDVYDLF,-0.745925,toxic
CIVVYHCF,-0.469042,toxic
CDLVYCRF,-0.428447,toxic
CFRVYIGF,-0.327362,toxic
CGYVYHIF,-0.518219,toxic
CRVVYVFF,-0.435566,toxic
CCRVYYCF,-0.445720,toxic
CDGVYVGF,-0.547271,toxic
CHFVYISF,-0.420658,toxic
CFYVYRIF,-0.708538,toxic
CFNVYSYF,-0.754245,toxic
CSNVYHDF,-0.448995,toxic
CVIVYILF,-0.524409,toxic
CYFVYLDF,-0.629495,toxic
CICVYGVF,-0.593304,toxic
CLYVYRVF,-0.572271,toxic
CFHVYDVF,-0.359761,toxic
CSRVYHNF,-0.364496,toxic
CLVVYGRF,-0.572407,toxic
CINVYHRF,-0.881583,toxic
CSYVYIRF,-0.306068,toxic
CCHVYVCF,-1.149814,toxic
CCLVYHDF,-0.571333,toxic
CGIVYGSF,-0.522561,toxic
CSGVYCVF,-0.847899,toxic
CILVYHSF,-0.518790,toxic
CSRVYSLF,-0.897722,toxic
CIGVYCIF,-0.365916,toxic
CRCVYHRF,-0.342379,toxic
CGYVYNLF,-0.576352,toxic
CSNVYNYF,-0.580866,toxic
CRGVYLFF,-0.481721,toxic
CLHVYRHF,-0.428807,toxic
CDVVYYHF,-0.493961,toxic
CSFVYCVF,-0.450984,toxic
CYVVYHFF,-0.947026,toxic
CNIVYHRF,-0.439731,toxic
CIDVYCSF,-0.621753,toxic
CNSVYHNF,-0.451579,toxic
CNHVYDLF,-0.450600,toxic
CIRVYYIF,-0.647383,toxic
CNHVYHLF,-0.342082,toxic
CYDVYFDF,-0.633673,toxic
CHIVYFSF,-0.352008,toxic
CNHVYYFF,-0.702875,toxic
CFNVYCVF,-0.613018,toxic
CHGVYDIF,-0.638420,toxic
CFRVYGIF,-0.721663,toxic
CSGVYNSF,-0.318419,toxic
CNYVYRDF,-0.379051,toxic
CNRVYISF,-0.423780,toxic
CLNVYVNF,-0.436729,toxic
CHSVYVHF,-0.583076,toxic
CSFVYRVF,-0.582511,toxic
CFGVYCVF,-0.522795,toxic
CNDVYGNF,-0.688793,toxic
CFGVYYNF,-0.549839,toxic
CRCVYFRF,-0.628773,toxic
CGDVYSHF,-0.593673,toxic
CSVVYFRF,-0.531005,toxic
CGRVYIHF,-0.372345,toxic
CRLVYGHF,-0.429455,toxic
CCFVYVLF,-0.403796,toxic
CISVYHLF,-0.497676,toxic
CSGVYYRF,-0.372217,toxic
CYIVYNVF,-0.439347,toxic
CLIVYLCF,-0.430085,toxic
CDRVYHDF,-0.966363,toxic
CIFVYRDF,-0.551991,toxic
CGRVYHNF,-0.449144,toxic
CSVVYSYF,-0.388079,toxic
CSYVYLDF,-0.691781,toxic
CYIVYGFF,-0.456155,toxic
CNGVYFYF,-0.399552,toxic
CICVYRDF,-0.610296,toxic
CNSVYYRF,-0.513093,toxic
CFLVYLGF,-0.797108,toxic
CINVYDNF,-0.342952,toxic
CRLVYVNF,-0.751529,toxic
CGSVYLNF,-0.492834,toxic
CLGVYVLF,-1.130421,toxic
CNIVYLYF,-1.185890,toxic
CSNVYNRF,-0.382612,toxic
CGLVYFSF,-0.475185,toxic
CISVYRGF,-0.416273,toxic
CCRVYGIF,-0.473720,toxic
CYHVYSDF,-0.454872,toxic
CYDVYHCF,-0.480430,toxic
CLCVYNVF,-0.591519,toxic
CRSVYNDF,-0.992719,toxic
CIHVYSDF,-0.895492,toxic
CYIVYVLF,-1.084002,toxic
CYFVYVHF,-0.494432,toxic
CSGVYYDF,-0.502514,toxic
CCLVYNCF,-0.512161,toxic
CRDVYVGF,-0.443290,toxic
CHDVYCYF,-0.439931,toxic
CFIVYDHF,-0.639394,toxic
CVYVYLDF,-0.356518,toxic
CSIVYLIF,-0.498725,toxic
CFVVYRLF,-0.422884,toxic
CDSVYRIF,-0.399633,toxic
CIDVYVIF,-0.380757,toxic
CFCVYRDF,-0.749438,toxic
CHGVYDLF,-0.597415,toxic
CLGVYSYF,-0.821078,toxic
CRGVYVHF,-0.439743,toxic
CSYVYIYF,-0.613720,toxic
CDHVYIDF,-0.487422,toxic
CCDVYDSF,-0.411830,toxic
CCLVYSIF,-0.540821,toxic
CLHVYSIF,-0.327442,toxic
CYDVYSYF,-0.760812,toxic
CNVVYNRF,-0.361013,toxic
CLRVYCYF,-0.443796,toxic
CSCVYSNF,-0.516434,toxic
CSNVYVFF,-0.391081,toxic
CFNVYGSF,-0.506916,toxic
CYSVYVRF,-0.401566,toxic
CVDVYVSF,-0.454444,toxic
CSDVYHGF,-0.771353,toxic
CDLVYNIF,-0.350673,toxic
CDIVYINF,-0.425021,toxic
CFRVYDSF,-0.365110,toxic
CGIVYCHF,-0.607693,toxic
CGDVYSDF,-0.534382,toxic
CHGVYRFF,-0.876487,toxic
CNGVYGSF,-0.976568,toxic
CHSVYDNF,-0.723845,toxic
CHCVYRIF,-0.497407,toxic
CLHVYHIF,-0.637982,toxic
CHLVYIYF,-0.443444,toxic
CIGVYVFF,-0.479840,toxic
CLDVYFIF,-0.380727,toxic
CNIVYCGF,-0.317463,toxic
CVDVYDVF,-0.602014,toxic
CCSVYINF,-0.485701,toxic
CVNVYIFF,-0.403051,toxic
CCYVYHLF,-0.966846,toxic
CILVYCFF,-0.325981,toxic
CCLVYNHF,-0.410567,toxic
CYNVYINF,-0.343456,toxic
CIHVYFIF,-0.665219,toxic
CRIVYFRF,-0.370527,toxic
CIYVYNRF,-0.383956,toxic
CLSVYHVF,-0.919044,toxic
CYSVYVCF,-0.546919,toxic
CNLVYSVF,-0.584000,toxic
CFNVYRFF,-0.340464,toxic
CYNVYGVF,-0.602261,toxic
CYGVYVGF,-0.307397,toxic
CRHVYHIF,-0.330906,toxic
CVNVYDFF,-0.567321,toxic
CVIVYRGF,-0.505408,toxic
CYIVYSIF,-0.897312,toxic
CRCVYHSF,-0.988385,toxic
CYHVYYCF,-0.525350,toxic
CFYVYFRF,-0.872159,toxic
CYLVYRSF,-0.494332,toxic
CISVYHRF,-0.421378,toxic
CRNVYFVF,-0.624520,toxic
CCSVYYRF,-0.750860,toxic
CDIVYNGF,-0.570351,toxic
CFIVYGVF,-0.516548,toxic
CYGVYGFF,-0.373090,toxic
CYCVYHFF,-0.593174,toxic
CIVVYYFF,-0.662887,toxic
CGFVYICF,-0.423771,toxic
CRFVYGVF,-0.322534,toxic
CYGVYYHF,-0.381046,toxic
CFYVYDYF,-0.475940,toxic
CFHVYGLF,-0.337093,toxic
CIRVYINF,-0.440233,toxic
CGFVYRNF,-0.598277,toxic
CFDVYIFF,-0.919324,toxic
CHIVYSLF,-1.360101,toxic
CHYVYDCF,-0.364238,toxic
CGHVYYVF,-0.375213,toxic
CFNVYSFF,-0.811162,toxic
CNSVYDYF,-0.770530,toxic
CFDVYGSF,-0.621655,toxic
CYFVYFCF,-0.419328,toxic
CVCVYYIF,-0.740452,toxic
CFYVYIVF,-0.609230,toxic
CFGVYDYF,-0.377327,toxic
CRCVYNDF,-0.642271,toxic
CGYVYFDF,-0.372792,toxic
CNHVYCRF,-0.854634,toxic
CLHVYDCF,-0.544056,toxic
CCSVYYHF,-0.573808,toxic
CYDVYGDF,-0.538634,toxic
CFCVYYLF,-0.640024,toxic
CHLVYHLF,-0.530159,toxic
CDHVYNIF,-0.416046,toxic
CDGVYGRF,-0.966227,toxic
CLDVYHNF,-0.522791,toxic
CCNVYSRF,-0.778978,toxic
CNVVYSRF,-0.752793,toxic
CDRVYFNF,-0.359073,toxic
CHLVYFCF,-0.658791,toxic
CVLVYILF,-0.612746,toxic
CNRVYDVF,-0.372727,toxic
CIFVYGVF,-0.323536,toxic
CNVVYYVF,-0.520599,toxic
CRDVYHYF,-0.523832,toxic
CIVVYHRF,-0.485046,toxic
CLGVYFLF,-0.783781,toxic
CHGVYDYF,-0.831823,toxic
CNFVYNSF,-0.741787,toxic
CVNVYNRF,-0.557238,toxic
CRIVYNLF,-0.522738,toxic
CGIVYCNF,-0.679158,toxic
CFYVYNSF,-0.509255,toxic
CRVVYFNF,-0.394594,toxic
CSRVYCIF,-0.957153,toxic
CRLVYICF,-0.407672,toxic
CSNVYRHF,-1.082989,toxic
CFLVYSHF,-0.474356,toxic
CGYVYDVF,-1.128426,toxic
CCHVYDIF,-0.477180,toxic
CFDVYRDF,-0.568132,toxic
CYFVYYDF,-0.751053,toxic
CIYVYLCF,-0.396387,toxic
CRDVYGYF,-0.502800,toxic
CFVVYICF,-0.759904,toxic
CLFVYNSF,-0.626956,toxic
CNDVYHGF,-0.328792,toxic
CCLVYLVF,-0.997300,toxic
CYFVYCDF,-0.481969,toxic
CVGVYIDF,-0.571828,toxic
CGFVYYCF,-0.336500,toxic
CHSVYLNF,-0.333121,toxic
CVDVYNDF,-0.486698,toxic
CNYVYVIF,-0.395571,toxic
CFLVYSRF,-0.594623,toxic
CLSVYRVF,-0.864319,toxic
CIDVYYNF,-0.620195,toxic
CHFVYYIF,-0.536703,toxic
CNLVYRFF,-0.338766,toxic
CGHVYLFF,-0.649852,toxic
CHYVYRNF,-0.365056,toxic
CRGVYYNF,-0.370265,toxic
CSGVYDIF,-0.351203,toxic
CHCVYLVF,-0.957114,toxic
CFIVYIDF,-0.300726,toxic
CVGVYVNF,-1.037463,toxic
CNCVYGLF,-1.045452,toxic
CLRVYFGF,-1.071618,toxic
CHFVYFNF,-0.565694,toxic
CGFVYDFF,-0.488561,toxic
CHNVYDRF,-0.723480,toxic
CGRVYNDF,-0.505180,toxic
CRIVYVFF,-0.345322,toxic
CNIVYVDF,-0.599628,toxic
CRVVYDSF,-1.140087,toxic
CVIVYNHF,-0.681406,toxic
CNHVYDRF,-0.652794,toxic
CLDVYSCF,-0.558865,toxic
CHGVYSVF,-0.504775,toxic
CVSVYHRF,-0.472507,toxic
CIHVYINF,-0.651383,toxic
CCIVYHVF,-0.476645,toxic
CIVVYVFF,-0.442617,toxic
CYFVYVYF,-0.431697,toxic
CIYVYLNF,-0.799424,toxic
CDVVYRVF,-0.529629,toxic
CNVVYDIF,-0.465681,toxic
CFRVYRGF,-1.185499,toxic
CHYVYFRF,-0.506695,toxic
CYCVYCYF,-0.507206,toxic
CNHVYCIF,-0.730345,toxic
CCLVYCRF,-0.396940,toxic
CVRVYVRF,-0.424812,toxic
CGVVYRLF,-1.078867,toxic
CYHVYRDF,-0.449377,toxic
CFIVYGRF,-0.470854,toxic
CFGVYLRF,-0.387612,toxic
CYFVYGFF,-0.734428,toxic
CYVVYFHF,-0.644384,toxic
CHLVYFHF,-1.209729,toxic
CCVVYIFF,-1.052603,toxic
CNGVYYLF,-0.762484,toxic
CRDVYYLF,-0.742143,toxic
CFLVYYFF,-0.477504,toxic
CGDVYIDF,-0.618504,toxic
CVFVYCLF,-0.468994,toxic
CIFVYFHF,-0.434440,toxic
CFVVYGDF,-0.368882,toxic
CINVYVRF,-0.874574,toxic
CLSVYLSF,-0.672898,toxic
CVLVYVIF,-0.612074,toxic
CSCVYCHF,-0.336837,toxic
CCFVYDYF,-0.481351,toxic
CHRVYILF,-0.577926,toxic
CIVVYSIF,-0.546667,toxic
CDVVYSHF,-0.637196,toxic
CGYVYHSF,-0.438064,toxic
CDRVYFHF,-0.717886,toxic
CILVYCHF,-0.377994,toxic
CVLVYHSF,-0.422978,toxic
CGNVYVNF,-0.809267,toxic
CCDVYFIF,-0.606174,toxic
CFSVYRNF,-0.389788,toxic
CSHVYRGF,-0.595363,toxic
CNRVYLFF,-0.647697,toxic
CYHVYVIF,-0.422871,toxic
CHSVYIGF,-0.440373,toxic
CHRVYHCF,-0.399872,toxic
CHNVYSIF,-1.158842,toxic
CVSVYDNF,-0.332191,toxic
CSLVYCRF,-0.640939,toxic
CNIVYLVF,-0.490562,toxic
CLVVYGHF,-0.498061,toxic
CNDVYYIF,-0.479216,toxic
CHYVYIFF,-0.723179,toxic
CSVVYGYF,-0.414819,toxic
CNGVYDYF,-0.769436,toxic
CDYVYFYF,-0.737046,toxic
CNDVYVIF,-0.535604,toxic
CLSVYGNF,-0.575305,toxic
CRVVYRVF,-0.970193,toxic
CDFVYGRF,-0.316740,toxic
CGNVYLFF,-0.605716,toxic
CHSVYFDF,-0.682871,toxic
CRYVYLDF,-0.393850,toxic
CVYVYCHF,-0.530409,toxic
CSLVYISF,-0.553569,toxic
CYRVYFSF,-0.505106,toxic
CSDVYNHF,-0.666675,toxic
CNSVYGFF,-0.736354,toxic
CSCVYRLF,-0.692566,toxic
CRSVYNGF,-0.912083,toxic
CHIVYVRF,-0.830442,toxic
CVLVYLYF,-0.475479,toxic
CVRVYNRF,-0.441788,toxic
CLSVYFNF,-0.633304,toxic
CIHVYDIF,-0.497622,toxic
CCGVYGNF,-0.579019,toxic
CDGVYVFF,-0.308315,toxic
CLGVYCRF,-0.519636,toxic
CYNVYRHF,-0.373714,toxic
CIRVYNSF,-0.387965,toxic
CFYVYGLF,-0.393881,toxic
CHLVYGYF,-0.307998,toxic
CVLVYHYF,-0.456539,toxic
CCSVYGHF,-0.953265,toxic
CIDVYHDF,-0.847365,toxic
CYSVYGLF,-0.834056,toxic
CIHVYIGF,-0.930849,toxic
CNRVYVDF,-0.570008,toxic
CYGVYDCF,-0.302249,toxic
CFSVYSYF,-0.638970,toxic
CDHVYILF,-0.431150,toxic
CGIVYFVF,-0.871312,toxic
CFVVYCFF,-0.446223,toxic
CCGVYYGF,-0.971247,toxic
CVIVYSNF,-0.573304,toxic
CGDVYGFF,-0.329262,toxic
CLRVYFIF,-0.536899,toxic
CIHVYNLF,-0.426788,toxic
CHVVYDIF,-0.681259,toxic
CGNVYFVF,-0.456018,toxic
CCIVYNRF,-0.726717,toxic
CDYVYIYF,-0.365206,toxic
CIRVYGRF,-0.894727,toxic
CCRVYSNF,-0.395748,toxic
CYVVYRHF,-0.615950,toxic
CCRVYILF,-0.344633,toxic
CGDVYNHF,-0.320009,toxic
CILVYSHF,-0.493320,toxic
CLRVYDCF,-0.409180,toxic
CLDVYDVF,-0.518956,toxic
CVCVYSVF,-0.462958,toxic
CYIVYFSF,-0.410925,toxic
CYDVYHYF,-0.312750,toxic
CINVYIRF,-0.533247,toxic
CCYVYNYF,-0.542710,toxic
CGRVYCHF,-0.667340,toxic
CHCVYCIF,-0.683212,toxic
CGHVYNVF,-0.466114,toxic
CRSVYRSF,-0.658236,toxic
CYGVYLIF,-0.601081,toxic
CNSVYCRF,-0.439588,toxic
CDHVYSHF,-0.962008,toxic
CIGVYRIF,-0.350316,toxic
CCRVYRSF,-0.338917,toxic
CYDVYDLF,-0.766433,toxic
CICVYYSF,-0.394384,toxic
CDHVYCFF,-0.314570,toxic
CIDVYRSF,-0.420681,toxic
CFDVYGVF,-0.373226,toxic
CCNVYCLF,-0.349837,toxic
CSDVYDGF,-0.420794,toxic
CIRVYDSF,-0.559777,toxic
CLNVYGVF,-0.398340,toxic
CIHVYCFF,-0.531335,toxic
CGIVYRGF,-0.360587,toxic
CRHVYFYF,-0.782800,toxic
CLGVYRHF,-0.417588,toxic
CLDVYRHF,-0.661283,toxic
CLSVYIDF,-1.086968,toxic
CCLVYLSF,-0.706402,toxic
CIYVYDFF,-0.303493,toxic
CIFVYIVF,-1.164802,toxic
CHCVYGIF,-0.650379,toxic
CSFVYHYF,-0.370739,toxic
CISVYGNF,-0.609691,toxic
CFNVYSCF,-0.570047,toxic
CNYVYFRF,-0.708815,toxic
CVYVYLIF,-0.306383,toxic
CICVYCRF,-0.575840,toxic
CSYVYHDF,-0.856886,toxic
CCYVYLSF,-0.891324,toxic
CINVYDSF,-0.391497,toxic
CRIVYHFF,-0.321173,toxic
CFHVYNLF,-0.463291,toxic
CFYVYCGF,-0.370358,toxic
CHRVYIVF,-0.453346,toxic
CDNVYYHF,-0.360483,toxic
CGHVYCHF,-0.334433,toxic
CYSVYIDF,-0.846876,toxic
CVRVYIYF,-0.419609,toxic
CCRVYIYF,-0.443118,toxic
CRCVYCLF,-0.447004,toxic
CRFVYDCF,-0.836716,toxic
CGVVYSCF,-0.641121,toxic
CNCVYDIF,-0.945293,toxic
CVDVYVGF,-0.737223,toxic
CLYVYVYF,-0.496808,toxic
CCSVYDSF,-0.340001,toxic
CDRVYYIF,-0.432302,toxic
CRNVYCFF,-0.616076,toxic
CVSVYSLF,-0.658967,toxic
CSRVYLVF,-0.571388,toxic
CDIVYCHF,-0.430177,toxic
CSDVYGCF,-0.869734,toxic
CLIVYRIF,-0.505027,toxic
CYFVYVSF,-0.353560,toxic
CLGVYRYF,-0.302897,toxic
CGDVYGCF,-0.718772,toxic
CNGVYHSF,-0.554737,toxic
CSCVYNFF,-0.789524,toxic
CFYVYLIF,-0.844665,toxic
CGDVYCRF,-0.606630,toxic
CNFVYILF,-0.535292,toxic
CNFVYFRF,-0.411387,toxic
CIYVYSLF,-0.795289,toxic
CYIVYISF,-0.423396,toxic
CHRVYSVF,-0.921895,toxic
CNGVYFCF,-0.598160,toxic
CRYVYCYF,-0.595042,toxic
CIDVYHIF,-0.795041,toxic
CFNVYIGF,-0.706099,toxic
CVLVYNGF,-0.353977,toxic
CGSVYSIF,-0.306619,toxic
CYSVYFSF,-0.456077,toxic
CFDVYSLF,-0.580085,toxic
CDYVYDFF,-0.423052,toxic
CINVYFCF,-0.890245,toxic
CVRVYSNF,-0.335077,toxic
CFLVYLDF,-0.526238,toxic
CLYVYCLF,-0.409148,toxic
CIVVYSGF,-0.347036,toxic
CDCVYGVF,-0.721872,toxic
CYHVYHYF,-0.561228,toxic
CVYVYGYF,-0.531252,toxic
CGFVYFYF,-0.863851,toxic
CHIVYHCF,-0.692088,toxic
CLFVYDSF,-0.326160,toxic
CCDVYHGF,-0.466884,toxic
CLVVYLSF,-0.633395,toxic
CGNVYGFF,-0.360638,toxic
CLIVYRVF,-0.736272,toxic
CVSVYLCF,-0.652423,toxic
CDVVYLCF,-0.562204,toxic
CHNVYCDF,-0.571034,toxic
CLSVYSVF,-0.616206,toxic
CCIVYHCF,-0.531153,toxic
CRDVYSVF,-0.549234,toxic
CGFVYLYF,-0.725980,toxic
CYVVYIGF,-1.293940,toxic
CCHVYCFF,-0.907861,toxic
CLGVYLSF,-0.698668,toxic
CHNVYIRF,-0.836275,toxic
CHLVYHFF,-0.484013,toxic
CRSVYYGF,-0.393707,toxic
CVNVYSGF,-0.747089,toxic
CFRVYGYF,-0.504021,toxic
CCFVYLFF,-0.454714,toxic
CRIVYRYF,-0.884691,toxic
CHFVYVRF,-0.945964,toxic
CIYVYHVF,-0.735767,toxic
CDSVYCYF,-0.494461,toxic
CHYVYLGF,-0.999496,toxic
CIFVYLVF,-0.463823,toxic
CDLVYIYF,-0.891525,toxic
CHFVYSVF,-0.518560,toxic
CNGVYNLF,-0.460233,toxic
CVGVYHFF,-0.304003,toxic
CNIVYHIF,-0.688003,toxic
CSRVYCNF,-0.408540,toxic
CLYVYLIF,-0.875845,toxic
CYCVYHCF,-0.333532,toxic
CFGVYYGF,-0.456366,toxic
CYVVYCGF,-0.564165,toxic
CCLVYLHF,-0.332627,toxic
CGDVYFIF,-0.785462,toxic
CRFVYVDF,-0.376148,toxic
CSGVYIHF,-0.710062,toxic
CVYVYLHF,-0.363224,toxic
CIRVYLNF,-0.590734,toxic
CSHVYLNF,-0.835862,toxic
CYLVYHGF,-0.423790,toxic
CGVVYSHF,-0.642965,toxic
CDFVYRVF,-0.436803,toxic
CRCVYNCF,-0.877555,toxic
CRHVYDYF,-0.737725,toxic
CFDVYRNF,-0.473810,toxic
CIYVYLYF,-0.343809,toxic
CRIVYNCF,-0.469060,toxic
CFLVYLSF,-0.764884,toxic
CHSVYHSF,-0.482186,toxic
CDYVYFNF,-0.413666,toxic
CIFVYFYF,-0.895868,toxic
CIFVYLDF,-0.470382,toxic
CHSVYIDF,-0.512452,toxic
CCLVYHYF,-0.477745,toxic
CFVVYVSF,-0.649071,toxic
CVRVYLSF,-0.325225,toxic
CRLVYLHF,-0.336575,toxic
CHGVYDNF,-0.554529,toxic
CSNVYFIF,-0.695730,toxic
CLDVYLHF,-0.431910,toxic
CLFVYIHF,-0.557649,toxic
CDNVYNCF,-0.338866,toxic
CVCVYCNF,-0.851834,toxic
CVFVYSYF,-0.314724,toxic
CNCVYNDF,-0.989831,toxic
CRVVYGCF,-0.535686,toxic
CNRVYFYF,-0.417651,toxic
CYDVYVSF,-0.950698,toxic
CDHVYSVF,-0.717113,toxic
CNCVYGVF,-0.704718,toxic
CDRVYYDF,-0.418890,toxic
CNYVYFCF,-0.613051,toxic
CVDVYIDF,-0.682461,toxic
CRDVYFLF,-0.319329,toxic
CSYVYLSF,-1.148090,toxic
CLDVYCNF,-0.501648,toxic
CCYVYHFF,-0.582329,toxic
CRDVYNLF,-0.311019,toxic
CDGVYHCF,-0.413514,toxic
CSFVYCSF,-0.687173,toxic
CRFVYCHF,-0.401651,toxic
CHRVYNCF,-0.672714,toxic
CHIVYRIF,-0.429269,toxic
CVRVYYFF,-0.610780,toxic
CRIVYVSF,-0.349877,toxic
CGSVYDSF,-0.374422,toxic
CCDVYVLF,-0.936691,toxic
CNYVYDLF,-0.587204,toxic
CSHVYYDF,-0.341731,toxic
CFYVYDRF,-0.910276,toxic
CISVYFNF,-0.569941,toxic
CYCVYHVF,-0.426750,toxic
CYLVYSHF,-0.311309,toxic
CYHVYFGF,-0.395700,toxic
CVSVYYIF,-0.611198,toxic
CNSVYHYF,-0.361697,toxic
CINVYLGF,-0.361791,toxic
CYVVYGYF,-0.596733,toxic
CILVYRFF,-0.491992,toxic
CCIVYDCF,-0.428930,toxic
CRLVYRLF,-0.646254,toxic
CFCVYLCF,-0.594284,toxic
CLVVYCVF,-0.850839,toxic
CVGVYSLF,-0.529627,toxic
CFCVYVDF,-0.632989,toxic
CYNVYYNF,-0.575149,toxic
CHYVYDNF,-0.346791,toxic
CVNVYHVF,-0.486778,toxic
CVYVYYFF,-0.371496,toxic
CSYVYSFF,-0.731284,toxic
CSRVYCDF,-0.717463,toxic
CRLVYDVF,-0.323248,toxic
CNGVYRYF,-0.595120,toxic
CFHVYCNF,-0.365517,toxic
CLNVYVHF,-0.881035,toxic
CYLVYGVF,-0.553837,toxic
CSRVYVCF,-0.426710,toxic
CDFVYHCF,-0.831994,toxic
CNHVYIYF,-0.326434,toxic
CVLVYDSF,-0.843437,toxic
CLFVYYIF,-0.885845,toxic
CIRVYFVF,-0.681045,toxic
CFNVYNDF,-0.385344,toxic
CNYVYYCF,-0.306053,toxic
CYCVYNHF,-0.724264,toxic
CLCVYHFF,-1.251223,toxic
CRNVYCSF,-0.362478,toxic
CLIVYDLF,-0.975104,toxic
CHRVYGSF,-0.896178,toxic
CHVVYCIF,-0.407819,toxic
CVCVYHFF,-0.482478,toxic
CSHVYILF,-1.257407,toxic
CIFVYFDF,-0.552465,toxic
CINVYSRF,-0.423774,toxic
CRYVYSGF,-0.447904,toxic
CDHVYCIF,-0.460123,toxic
CICVYYRF,-0.456912,toxic
CYVVYHRF,-0.532447,toxic
CGNVYVSF,-0.429395,toxic
CHVVYYHF,-0.734419,toxic
CGCVYSDF,-0.363505,toxic
CLNVYLIF,-0.671023,toxic
CNLVYCIF,-0.481759,toxic
CYFVYHIF,-0.428253,toxic
CYCVYYSF,-0.635905,toxic
CIGVYRVF,-0.351985,toxic
CFYVYDIF,-0.349629,toxic
CNVVYGDF,-0.687926,toxic
CINVYFLF,-0.319114,toxic
CCVVYYNF,-0.554493,toxic
CHYVYHRF,-0.398353,toxic
CILVYINF,-0.531890,toxic
CLSVYCVF,-0.340193,toxic
CVHVYHIF,-1.023060,toxic
CSIVYFHF,-0.374551,toxic
CDGVYIYF,-0.337843,toxic
CVNVYFDF,-0.861918,toxic
CGCVYFVF,-0.712780,toxic
CCVVYHLF,-0.620753,toxic
CHLVYHCF,-0.905434,toxic
CSFVYGHF,-0.302225,toxic
CRNVYVFF,-0.348612,toxic
CNHVYLVF,-0.554553,toxic
CHFVYDRF,-0.316216,toxic
CFNVYLNF,-0.441255,toxic
CSFVYGYF,-0.581855,toxic
CCSVYLSF,-0.331468,toxic
CVYVYRSF,-0.663703,toxic
CSHVYRFF,-0.684723,toxic
CCFVYHCF,-0.515914,toxic
CCSVYVRF,-0.485584,toxic
CINVYSIF,-0.341871,toxic
CHRVYINF,-0.529791,toxic
CNDVYGRF,-0.384878,toxic
CDHVYRCF,-0.535105,toxic
CNGVYGCF,-0.752349,toxic
CIDVYFRF,-0.390510,toxic
CRHVYYDF,-0.358747,toxic
CHYVYNSF,-0.344796,toxic
CFLVYSLF,-0.576579,toxic
CFSVYGIF,-0.617986,toxic
CDRVYINF,-0.327255,toxic
CRHVYVRF,-0.526370,toxic
CCHVYNCF,-0.539265,toxic
CNVVYSIF,-0.778453,toxic
CVNVYDVF,-0.560195,toxic
CLIVYDYF,-0.754240,toxic
CYIVYVGF,-0.572628,toxic
CHRVYGHF,-0.466142,toxic
CLRVYHCF,-0.631034,toxic
CYDVYYDF,-0.568861,toxic
CIYVYRGF,-0.654860,toxic
CLSVYDHF,-0.373111,toxic
CNYVYNDF,-0.687320,toxic
CSCVYIRF,-0.796630,toxic
CLRVYGLF,-0.507685,toxic
CHNVYNDF,-0.400097,toxic
CRCVYYSF,-0.646862,toxic
CYIVYIRF,-0.570756,toxic
CSHVYYHF,-0.451184,toxic
CHGVYNDF,-0.433759,toxic
CHLVYYGF,-0.426212,toxic
CRNVYCNF,-0.370164,toxic
CGNVYHIF,-0.700857,toxic
CHRVYGVF,-0.653459,toxic
CFSVYYIF,-0.927500,toxic
CFRVYDFF,-0.385819,toxic
CCGVYHGF,-0.642938,toxic
CVDVYRHF,-0.590137,toxic
CRSVYSRF,-0.386044,toxic
CRSVYICF,-0.349736,toxic
CRCVYFSF,-0.625361,toxic
CLNVYVSF,-0.326719,toxic
CCVVYINF,-0.374406,toxic
CNLVYHNF,-0.616630,toxic
CVGVYRNF,-0.570456,toxic
CRNVYNLF,-0.808813,toxic
CLIVYCRF,-1.029287,toxic
CRLVYHCF,-0.358411,toxic
CLCVYRGF,-0.676344,toxic
CRSVYYIF,-0.401218,toxic
CSVVYVDF,-0.725058,toxic
CNHVYDFF,-0.845077,toxic
CGLVYDRF,-0.523142,toxic
CDFVYNGF,-0.336850,toxic
CRYVYYVF,-0.667351,toxic
CIRVYGSF,-0.499336,toxic
CSYVYVIF,-0.766345,toxic
CLDVYRFF,-0.318119,toxic
CRYVYYIF,-0.493631,toxic
CYNVYFNF,-0.481517,toxic
CLVVYSNF,-0.409871,toxic
CVIVYNVF,-0.444840,toxic
CLCVYYRF,-0.838026,toxic
CGDVYGYF,-0.407985,toxic
CYCVYVRF,-0.442071,toxic
CRNVYVYF,-0.365205,toxic
CDGVYLVF,-0.880754,toxic
CRVVYCHF,-0.429734,toxic
CRHVYHLF,-0.543832,toxic
CVDVYNSF,-0.592792,toxic
CLCVYSDF,-0.366233,toxic
CVGVYSIF,-0.434808,toxic
CRVVYIVF,-0.602786,toxic
CVRVYNDF,-0.329994,toxic
CLHVYSRF,-0.737286,toxic
GNHSYCFR,-0.230998,neutral
DRGNYFHC,-0.117939,neutral
LVIDHFCG,0.037847,neutral
NVCYGLRI,-0.034751,neutral
DNRCISVF,-0.038272,neutral
HSIRYCDV,0.016622,neutral
RHVNIFSL,0.082834,neutral
NCVIYDLR,0.165767,neutral
INDGSVYF,-0.299237,neutral
GIHVNCRL,0.111037,neutral
VCGLHYDR,-0.039848,neutral
VYFNCIGD,-0.045186,neutral
SGYRFICH,-0.239651,neutral
CHSLRYIF,0.003317,neutral
CGHVLFYR,0.123149,neutral
RFVLDNYH,-0.291503,neutral
FCRHYVSI,-0.163913,neutral
RSVCNFYI,-0.053725,neutral
DLVFNSHY,-0.275113,neutral
GYVRLDFI,0.041719,neutral
SLIFRNYD,-0.145877,neutral
LNVSRGYD,0.007363,neutral
DRSCLYGF,-0.177276,neutral
SHYVFLND,0.177005,neutral
RVDCIGLS,-0.145959,neutral
RLINVHCS,-0.033223,neutral
ILCYGDFH,0.148189,neutral
VLIHSGND,-0.175457,neutral
HDCVGFLN,0.124689,neutral
SYDRVHNF,-0.109808,neutral
LHRVCDFG,-0.014575,neutral
VIFLYHNG,-0.118979,neutral
HNSCVYID,0.039006,neutral
GNCHFSLV,-0.018573,neutral
LGYDFCHS,-0.262463,neutral
GYFRCHDN,0.049912,neutral
DLCFRSGV,0.007821,neutral
SYCFHGLN,0.012859,neutral
ILSDCNYH,-0.292058,neutral
FCVLIRSD,-0.232188,neutral
GHYFDRIC,-0.014766,neutral
YCVHLSGN,0.085014,neutral
HFGRLIYD,-0.240459,neutral
IHRCYFSD,-0.262061,neutral
DNYLRHFI,-0.242521,neutral
RSDVYHGI,-0.251912,neutral
YGNVLSHD,-0.261535,neutral
YDIHLRCS,-0.252569,neutral
LIGYNHSF,-0.121564,neutral
VLGRFHCS,-0.232259,neutral
CGVFDSNH,-0.165617,neutral
GDLIFCNV,-0.230787,neutral
SYIVDFHN,0.013483,neutral
VFIRSCDY,-0.103165,neutral
HCVSRIGF,-0.233840,neutral
VCIRYSLG,-0.097718,neutral
HFVGYCDN,-0.277548,neutral
YNGLIHVC,-0.087792,neutral
ILSDYVCN,-0.206611,neutral
CIGFSHYN,-0.265312,neutral
SFRLDGNY,-0.102112,neutral
RGSCNLYD,0.168827,neutral
YFGLDVRC,-0.141418,neutral
SINYCGLH,-0.198373,neutral
GLRCSVNI,0.117950,neutral
IGFNYSVH,0.006913,neutral
HYCNVSFR,0.175522,neutral
DHFCRVLY,0.192506,neutral
SCGVNLFD,-0.183071,neutral
YCLDHNGV,-0.272243,neutral
CGLYNSHV,-0.107366,neutral
HGVYNSCD,-0.070007,neutral
GVCYLRIN,-0.184679,neutral
ISLFVDGR,-0.223473,neutral
IVYHSFCR,-0.289167,neutral
SYLFHCIN,-0.206066,neutral
VIFSCNHG,0.016786,neutral
VIFHRCSN,-0.252126,neutral
RLHNYCDF,0.090865,neutral
FDRHVCYG,-0.188033,neutral
YDRVFHLC,-0.164729,neutral
NIYHGSVR,0.135219,neutral
HYRFGNDV,0.055982,neutral
NFDHVLRI,0.192936,neutral
RGCDNLVS,0.157916,neutral
RNVDLFHG,-0.021724,neutral
HSDLVIRG,-0.251734,neutral
VSLNFGCH,-0.084391,neutral
DFCRVNGS,0.097647,neutral
FNIVHSGR,-0.143817,neutral
SVCNYDIH,-0.076919,neutral
DNIGFSCY,-0.052562,neutral
DSCYFIVR,-0.105180,neutral
FRDNSIYL,-0.043596,neutral
GLSRIVDY,-0.053387,neutral
IHGVNRSD,0.159536,neutral
HRCSLGFI,-0.077268,neutral
LGSVYHDN,-0.163105,neutral
FIYSDNCR,-0.095400,neutral
RYDVGCNF,-0.254043,neutral
CVGILFYN,-0.098722,neutral
DGLNIRVY,-0.278125,neutral
CVIGLYND,-0.168506,neutral
VSNIRLFG,-0.071582,neutral
CNDRVHSI,-0.161929,neutral
GIHNVLFS,-0.081017,neutral
VHFYGDRL,-0.059421,neutral
FVLSCYHD,0.096756,neutral
DILCFNVH,0.043385,neutral
HGICSYRF,-0.176286,neutral
CDGIYFRL,0.191784,neutral
SIRYGFDH,-0.264648,neutral
YSVHCIGR,-0.025421,neutral
IDLYRNCH,0.062255,neutral
IGSFNRVH,-0.093057,neutral
GLIFHYDC,-0.047108,neutral
LSYHDVIF,0.065160,neutral
DLSCVNRI,-0.209977,neutral
FCVLHGDR,-0.068634,neutral
LSRDCIGY,0.168304,neutral
RHGDVNLC,-0.038952,neutral
FIRNSVCH,0.124255,neutral
NYSLGFCR,0.168501,neutral
DLCFSGIY,0.068444,neutral
NFLYGCVI,0.134545,neutral
LGVYDCRI,0.138599,neutral
FCNYSHGV,-0.244758,neutral
HSVIGFRC,0.187318,neutral
DGNLVFHY,-0.196302,neutral
IFYHGCVS,-0.214862,neutral
LVDGCYRI,0.072136,neutral
DIHYGSFL,-0.140757,neutral
GLDFYVHC,0.009627,neutral
FYSDHNLG,-0.029018,neutral
DVSIRYFG,-0.047719,neutral
SLCRHNFY,0.026498,neutral
RHYIVDFS,-0.165031,neutral
SYVFHCID,0.026930,neutral
RINYGCDS,-0.247704,neutral
DCNLFSVH,-0.140994,neutral
GVNIRFLS,-0.132310,neutral
CFIGRHLY,0.089844,neutral
RLVFICNY,-0.080781,neutral
VSGLCNYR,-0.261104,neutral
GHNFLIDS,-0.154872,neutral
HLGSYFIN,-0.095246,neutral
HIRVNCSY,-0.132222,neutral
VLRHFICD,0.100160,neutral
DGLNVRFY,-0.088106,neutral
ILGYFVNR,-0.141240,neutral
FGNDRHLV,-0.121438,neutral
RSLFDYVH,-0.210891,neutral
DRCNFSIY,-0.151277,neutral
DHYRLVSN,-0.188060,neutral
VCHDRIYF,-0.123035,neutral
YSVDHGCR,-0.101642,neutral
CLVRGIHN,-0.080060,neutral
FHGRYSCL,-0.210149,neutral
NLVGDYSH,-0.258522,neutral
RCSGHYFD,-0.072256,neutral
FRYCHNDG,-0.289215,neutral
NFVCSLDG,0.007720,neutral
DISGNFLR,0.106535,neutral
NLSFYRHV,0.118291,neutral
RYGILHVN,-0.147110,neutral
NVHFYCSD,-0.234867,neutral
LCNYFSVG,0.122560,neutral
CLNYDRIF,0.000202,neutral
YHGFILCD,-0.297712,neutral
YLVISRNG,0.053659,neutral
CSYHVDFN,-0.131395,neutral
SHCVNLFR,-0.173925,neutral
LFSNRDCI,-0.074956,neutral
DYLGRCHV,0.129258,neutral
LHVYDRSF,-0.236523,neutral
YGSHRIDC,-0.098891,neutral
SLDGFYNC,0.198918,neutral
RDNGFLYH,0.093366,neutral
RVSHLIFY,-0.064612,neutral
RGFVCISH,-0.155577,neutral
NVDLIGHC,-0.173223,neutral
IYRCDVNG,0.173160,neutral
NICDGFHS,0.121606,neutral
GNSCDLVR,0.086135,neutral
YNFSIGRH,-0.173557,neutral
LCVDGSNF,0.151642,neutral
FYLCINGV,0.142068,neutral
GYFCRHSN,-0.209875,neutral
FLSHIYRD,-0.273958,neutral
NSHIDLYR,-0.148271,neutral
HIRVLGFN,0.017845,neutral
CDYGHFVN,-0.033278,neutral
LDGHVFRI,-0.150651,neutral
LCFDYGHR,0.179856,neutral
ILRFGDYH,-0.047721,neutral
NYSHIFRG,0.071125,neutral
IFSCYGDL,0.047828,neutral
FSVCGHYI,-0.296290,neutral
GNCYIHFV,-0.116087,neutral
DGRYHSLN,0.050551,neutral
IVCLHNSY,-0.080831,neutral
HLIGRDFC,-0.198575,neutral
GVFNHLRC,-0.213222,neutral
SCGLHDRN,-0.296635,neutral
SLNFHRCV,-0.188117,neutral
SGCVLFNY,-0.273744,neutral
VHICRFND,-0.194870,neutral
VRDYNHSL,-0.245819,neutral
VSRNGFDY,-0.079572,neutral
CDYRLGIV,0.142244,neutral
FNLYDGIR,-0.271402,neutral
RLVHCYFS,-0.279501,neutral
LRNVCGYD,-0.130169,neutral
SINHYCGR,-0.275393,neutral
VRLSHYDC,-0.199990,neutral
CVGLYIFD,-0.220608,neutral
HLDCNYRG,-0.099219,neutral
GSNDFVHR,-0.219593,neutral
SVYNFHIL,-0.079369,neutral
LHCYDSVI,-0.295730,neutral
YFDVRICH,-0.099237,neutral
SIHCRVGY,0.168056,neutral
LHRFVDNI,-0.060381,neutral
IYCLVDNR,-0.065251,neutral
DNSIFGLY,-0.236681,neutral
NRISGVHD,-0.051414,neutral
SYNILGHD,0.115441,neutral
VSLRICHN,-0.204530,neutral
FNVSGIDC,-0.273722,neutral
IRGNVHLY,-0.096618,neutral
CRGIYFND,0.070096,neutral
YFCIVGSL,-0.009192,neutral
RICHLNSG,-0.153075,neutral
SIRDNGVH,-0.113911,neutral
SIDLRGFN,-0.178023,neutral
NGHCIRSD,-0.188045,neutral
YGRDLVSF,-0.022309,neutral
NRSCLVHD,-0.294064,neutral
VRDYLCGN,-0.027347,neutral
FIHLGYDV,-0.190521,neutral
HICLRFGD,-0.288032,neutral
RSYFLGDC,0.082037,neutral
FNRVCSIH,-0.150641,neutral
VGFNISHC,-0.092615,neutral
YGHSCRIN,-0.181309,neutral
RHYCSDGF,0.114955,neutral
DRHCSNFG,-0.280419,neutral
HCDLNIYV,-0.160073,neutral
RIDNLVYC,0.007890,neutral
SFHVYILG,-0.252102,neutral
FSVHCIRL,0.100084,neutral
YSNRIFDL,0.007338,neutral
IDRHVGYL,-0.071775,neutral
YLIHDGCN,-0.151284,neutral
DHYLNVCS,-0.080234,neutral
CRDLGSIH,0.049869,neutral
GDNFYLIH,-0.030604,neutral
NRHFYDVC,-0.012518,neutral
YLGDIFRC,-0.009073,neutral
FVGCLSNI,0.032038,neutral
SRFNLGCV,0.030369,neutral
SYCHRILF,-0.190325,neutral
NLVCRSGF,-0.029907,neutral
HFLINVSD,-0.255263,neutral
YHDRLISV,-0.278901,neutral
LNGCSRVI,-0.143243,neutral
INFGHCDV,0.050473,neutral
VYDLHGNS,0.156984,neutral
YSIFCDRH,-0.226801,neutral
YLIFGVRH,-0.081844,neutral
HRNFISVG,-0.165475,neutral
LNVCHRDY,0.038670,neutral
GIHRFLYN,-0.161491,neutral
HISVYNCR,-0.222722,neutral
RGFSHNIL,0.158461,neutral
YDVNLCFI,-0.244505,neutral
GFRHNYSL,-0.115911,neutral
NHRFSDYC,-0.016406,neutral
HFVDNRCG,0.070091,neutral
NSLCRDGV,-0.263184,neutral
YLRVISGC,-0.241884,neutral
RNYSICGV,-0.137673,neutral
CSDFRLNY,-0.255304,neutral
NHDGRYSV,0.125742,neutral
YVCHISDN,-0.078501,neutral
RVLNYSHG,-0.145763,neutral
INFYDVLG,-0.085532,neutral
SFIDYRNH,-0.109961,neutral
FLCGDRHY,0.088628,neutral
RLGHNDFI,-0.253118,neutral
VGDHNFSR,-0.085885,neutral
CVHRFIYN,-0.123990,neutral
FRLNSHCV,-0.118102,neutral
YCHSGLNI,0.079895,neutral
NCYSGDVH,-0.280504,neutral
GVYNFLIR,0.094178,neutral
SIYGLNDV,0.182751,neutral
YGISFHVD,0.098682,neutral
FCYHRGNL,-0.062565,neutral
DHNIRGFV,0.014388,neutral
RSVYFNLC,-0.280873,neutral
VGYHLDFS,0.199808,neutral
NFVCHSID,-0.020004,neutral
VIGDFNCH,0.083330,neutral
NILVFCYG,-0.194653,neutral
RVYNDSHC,-0.265858,neutral
LGYHDSCN,0.072643,neutral
RHSCDYFN,0.068751,neutral
CDFSYINV,0.055782,neutral
NGLRHDFV,-0.188010,neutral
RCSIDHLY,0.145379,neutral
YHVLSRDC,-0.210452,neutral
LSYFCNVR,-0.038141,neutral
GLYFCVSR,-0.240927,neutral
FSNHDCRG,0.152444,neutral
LSRHIGCF,0.039295,neutral
RHIYSVND,-0.289566,neutral
CNVYDGFL,-0.093275,neutral
RICVYNSH,0.018589,neutral
DCINYVSR,-0.160351,neutral
LSCHDFGN,-0.076408,neutral
VYNHSRCG,-0.128656,neutral
DRIYLNHG,0.027630,neutral
INHGDVLR,0.127153,neutral
FVSCHGLD,-0.222556,neutral
GLFCDIRY,0.190151,neutral
IFNCVRYH,0.066846,neutral
ILYDHGSF,-0.228595,neutral
DINVCFSR,-0.210943,neutral
GYCHVLSD,-0.158034,neutral
FYRILCHV,-0.197143,neutral
NSYLFIVH,-0.204942,neutral
NRVYSHCG,-0.137003,neutral
NIYDVRCG,-0.171200,neutral
RVYSGNCH,-0.157587,neutral
CSVIYGLR,-0.207361,neutral
VYSRHLIC,-0.094904,neutral
DRSCVNYL,-0.113031,neutral
DFYLGHIC,-0.192341,neutral
HCDIRGLN,-0.105573,neutral
ICRDVLNS,-0.159167,neutral
RGLYVDNI,-0.133476,neutral
LSYGNDVC,0.027792,neutral
VDRCNLFY,-0.248757,neutral
HFNSVRYL,-0.095586,neutral
HYNSLGRV,-0.257433,neutral
YHGLNSCV,0.023591,neutral
HLNCSGYF,-0.187240,neutral
LFNHDYSC,0.030601,neutral
SLCIRNGD,-0.197651,neutral
FLGSCIHD,-0.242242,neutral
RIVHYDNS,-0.170551,neutral
CLVHRNDF,-0.190212,neutral
GFSVNYCR,-0.144288,neutral
DIVRCGYN,0.153053,neutral
CNFGLHSD,-0.087235,neutral
CFLHDRGS,-0.190541,neutral
YILDCFRV,-0.209626,neutral
DGFRCSIV,0.185273,neutral
LSFRHGND,0.061753,neutral
GDCHSIVF,-0.298635,neutral
YRHCVFLD,-0.248239,neutral
YRCNFVGD,-0.110017,neutral
NGLIVHRY,-0.027375,neutral
NCSGLDRF,0.095691,neutral
VHGYCNIF,-0.182075,neutral
YSRDICGV,-0.106327,neutral
YFSDNVCG,0.067514,neutral
DHIRGSLC,-0.164443,neutral
LDGNRCIF,-0.168097,neutral
IDRNLFYG,-0.035449,neutral
DNSLGYFH,0.005604,neutral
IGSFYCHD,-0.135005,neutral
GLIVRYCH,-0.172804,neutral
YIRFHNLS,0.023694,neutral
VIRSCNGY,0.012730,neutral
ISGLHCFN,-0.099718,neutral
IYRDHVFS,-0.194738,neutral
DSFCNLRH,-0.121453,neutral
VICLYSNG,-0.063917,neutral
GHYNILRD,-0.237686,neutral
YISCNHRV,0.170665,neutral
VHNCRSLD,-0.036060,neutral
VRFLSDCG,-0.139214,neutral
HSLYIVNG,-0.245713,neutral
YCHGISDL,-0.249579,neutral
FGYCINDL,-0.179790,neutral
DYLGNFHV,-0.056530,neutral
LDGYIFSR,0.056185,neutral
NHGSFVRI,0.096812,neutral
LYGSFVCR,-0.247345,neutral
CIYLDGSH,0.194652,neutral
YDCGIFVN,-0.211804,neutral
CDSIFYRV,-0.240192,neutral
FRDGNVLH,-0.235232,neutral
VCHLFIYD,0.094095,neutral
YDHVILNC,-0.081653,neutral
SNGHFICY,-0.254683,neutral
IYHGRFSC,-0.276651,neutral
GCSVRLFI,0.007885,neutral
GRCSYIFD,0.166829,neutral
SNDRCLVH,-0.099815,neutral
FYHNISRC,-0.159970,neutral
HRGSFVCL,-0.203656,neutral
NIFGRYCS,-0.097749,neutral
FVSHGDIC,0.041138,neutral
RISVYFCG,-0.229392,neutral
IFDRCGSH,-0.287416,neutral
HDCGIRLS,-0.272430,neutral
HIVLRSYF,0.003480,neutral
HDYGFINC,0.130130,neutral
SICVYDGL,-0.001440,neutral
YFIRCVLH,0.043091,neutral
GCNSHRYF,-0.263817,neutral
RFYHINCG,0.174331,neutral
NYGVFLSH,-0.055240,neutral
YHDSFILN,-0.155853,neutral
INCDYHLG,-0.097473,neutral
IVCDSLFR,-0.078262,neutral
NRDFSYCI,-0.202463,neutral
FVLHIDRN,-0.230679,neutral
NYFLRHID,-0.109766,neutral
NFRDVYHG,-0.276598,neutral
GLYFCIND,-0.147336,neutral
CHRLNGYV,-0.057644,neutral
ISGLYCDH,-0.043729,neutral
LSRVICGH,0.109153,neutral
DSYGCVNI,0.099737,neutral
FCVDYRGN,-0.220767,neutral
DHFLIRCY,0.002824,neutral
HIRDYLVF,-0.046870,neutral
RVYNGCFH,0.103629,neutral
CHNLFVDI,-0.252336,neutral
CSDLIYHN,-0.114591,neutral
LHSNDIGY,-0.165581,neutral
LRFHNCYD,-0.106565,neutral
GFNDRYCL,-0.219200,neutral
RVNFYDIL,0.179865,neutral
VRNHDSLY,0.056178,neutral
FRNYLGDH,0.183622,neutral
HGYVRILF,0.055238,neutral
RIYDSNLV,0.094817,neutral
HNLGSCRD,-0.213297,neutral
VSHICGRL,0.034732,neutral
NCRVLGIH,-0.288298,neutral
YSGHFVDI,-0.272096,neutral
DLNICFYR,0.020136,neutral
NGYLCDRV,-0.200174,neutral
LVFCGYSH,0.161970,neutral
CFVIHDGY,-0.105316,neutral
CHYIRNVL,-0.224440,neutral
LIYHCRSF,0.065612,neutral
NRVIGDLY,0.098596,neutral
HFIDVNCS,0.199648,neutral
DHISCGLN,-0.183390,neutral
FHNYGLCV,0.064203,neutral
LDYNRGFV,0.072917,neutral
IGFCYNVS,-0.098993,neutral
RIHNCDGY,-0.271403,neutral
HRIGDSCL,0.160185,neutral
GHSDCLFY,0.148353,neutral
IGFLHRVN,-0.123233,neutral
GSNCDHYF,-0.206909,neutral
GRNFVSHC,-0.005964,neutral
SLVGRYCD,0.077669,neutral
LVFGYSIN,-0.270536,neutral
NYLGSVDF,0.062415,neutral
HCGNLDSI,0.136250,neutral
NGVRYFCL,-0.158205,neutral
VLIHCYFG,0.058122,neutral
GICDRHFV,-0.176711,neutral
DNLVRGYC,0.057477,neutral
DSVRLIYG,0.138606,neutral
RYDFSNCG,-0.214211,neutral
YIDSFVCR,-0.074994,neutral
DGRSFLNI,0.062216,neutral
LYSFRCIV,-0.174887,neutral
DSRICVNY,0.006272,neutral
NDFIGYVR,-0.280164,neutral
LVNSCHFD,-0.280837,neutral
YDHLVGCN,-0.254250,neutral
GCDVFYSI,0.025988,neutral
CGYISNFD,-0.100929,neutral
LSFYNDRG,-0.108821,neutral
RLVNGIYC,0.058168,neutral
FHICVSDN,-0.237436,neutral
NLDHRGIV,0.158519,neutral
HVDNRLSY,-0.297340,neutral
VNIRLFHS,-0.016186,neutral
FVDYINSG,-0.157354,neutral
YCFHDNGL,0.082447,neutral
SGHVYDNF,-0.008622,neutral
FIDLVGCR,-0.225054,neutral
VRFNGSIH,-0.001728,neutral
IHYGFSRD,0.099588,neutral
FRYIGSLN,0.002873,neutral
HRCISDLN,0.090596,neutral
RFYLDCSH,-0.233626,neutral
YDVRSHNG,-0.054531,neutral
VRHNICFD,0.109249,neutral
NYHCLVRI,-0.281236,neutral
RSHDFYNC,-0.276764,neutral
FIGVNCSL,-0.246182,neutral
RYCGNFVH,-0.118633,neutral
DVGFRSCI,-0.228680,neutral
NDGLFYVH,-0.153870,neutral
HRVDLIYN,-0.100209,neutral
RYDIHLNF,-0.029694,neutral
FNLVSIYR,-0.068530,neutral
NLGFISRC,0.156526,neutral
NSFGVYCL,-0.062228,neutral
YVNFHDRG,-0.244643,neutral
NYSGFRCI,-0.145496,neutral
ILHDFSRG,-0.261412,neutral
GDVCHSNR,0.113384,neutral
YFHRGSLC,-0.057722,neutral
GHNFSDVL,-0.290560,neutral
GFDIRCSH,-0.056458,neutral
HDSLIRFN,-0.026299,neutral
RCFNIGHD,-0.243838,neutral
CIVSLYHN,-0.186885,neutral
IRVLYFSH,-0.151038,neutral
DVNGIHRL,-0.247401,neutral
VGYLNIHR,0.110925,neutral
DVLGHYSI,-0.113984,neutral
NDIFSGLH,0.078165,neutral
VGSIHRLY,0.028190,neutral
YGCIVNDH,0.118537,neutral
YIHNSRVF,-0.147057,neutral
DRNVCFGH,0.191868,neutral
RVYDGLIH,-0.071274,neutral
GSVDCNFY,-0.189177,neutral
LFSHDNRV,-0.262416,neutral
RYISFDGV,0.070813,neutral
VNCFISDH,-0.039235,neutral
NGDIHYRL,-0.155541,neutral
RVLHDCFI,-0.263686,neutral
YFLCGDRS,0.016155,neutral
YNCGVRLF,-0.228497,neutral
ICYSRLDF,0.039502,neutral
GVFNSHDR,0.160635,neutral
LHCFGDSR,-0.102861,neutral
IHCYLDRS,-0.002845,neutral
LYSNIDFH,-0.051816,neutral
FDCVLGRH,0.111231,neutral
NLISRYHD,0.180087,neutral
DIGHNLRC,-0.051916,neutral
YVFISHRL,-0.297357,neutral
SFVGDRYI,-0.005596,neutral
VCRILSDG,-0.260548,neutral
VRGLSDNI,0.093075,neutral
CRDSHINL,-0.163409,neutral
DISFCRVL,-0.225420,neutral
NVHLYFCG,-0.230955,neutral
LIHDSRGF,-0.244548,neutral
FCGISRND,0.010287,neutral
HSLIDFYV,-0.238011,neutral
YSRVDILC,0.122997,neutral
YVLNDSFI,0.005518,neutral
FSINVCRY,-0.037984,neutral
DCRIHFLY,0.040532,neutral
CHNDLVRS,-0.194473,neutral
GNIDFCLS,-0.153358,neutral
LSFCGIND,-0.048734,neutral
SFCRYVLG,-0.136518,neutral
NRFHCSGI,-0.109284,neutral
GFDIVHSR,-0.114203,neutral
DFRVNILY,-0.048122,neutral
LVDCSNGI,-0.208544,neutral
GLVICSDR,-0.063590,neutral
ICNDSLHV,-0.221979,neutral
NFLVRGCI,-0.250175,neutral
YLCGVRHF,0.022826,neutral
LGYFRCND,-0.195034,neutral
FVCSYHLR,-0.224934,neutral
SLYDNGFH,-0.157735,neutral
IRDHVFYL,-0.006832,neutral
IGHYNCFS,0.002580,neutral
GRILVYCD,-0.216330,neutral
GDRISLNV,-0.241319,neutral
GRFDYVNS,-0.055058,neutral
FYCNGRSD,-0.186640,neutral
IGYNRFCL,0.062806,neutral
HVCFNGDR,0.115331,neutral
YINRHSVG,-0.103582,neutral
VNYCGDHL,-0.150812,neutral
CGRFVSDY,-0.070316,neutral
RFIDLVSH,-0.220091,neutral
SVHCGRIF,-0.019759,neutral
RIGVLHNF,0.054836,neutral
YRVCLGIF,-0.172350,neutral
NLCVDYGS,-0.267531,neutral
GSFHIVCN,-0.234929,neutral
NHVSLDFR,-0.156825,neutral
LYGHRCDS,-0.258238,neutral
SICLDVGH,-0.100751,neutral
IFLVNCGR,-0.002700,neutral
YSCHFLGR,-0.130069,neutral
GHFVDISR,0.157711,neutral
ICHDYSLV,-0.088840,neutral
SFRCHNDI,-0.181814,neutral
YDVFSGCN,-0.271298,neutral
CRDFLGIV,-0.166612,neutral
HRFYGSCD,0.188231,neutral
LDFRHGIS,-0.009582,neutral
DSGRNVIC,0.070044,neutral
NVYDCFLH,0.029649,neutral
VNDLFHGC,-0.151173,neutral
CYISDNHG,0.083554,neutral
CHNYRVGL,0.171069,neutral
HNYGIRCV,-0.107795,neutral
SNDFRCHL,-0.166293,neutral
NSGRLYVF,-0.137676,neutral
HYRDNVLG,0.036756,neutral
DHGYFSRV,-0.185697,neutral
RGHDNVYS,-0.221079,neutral
IYFNSLDG,-0.149250,neutral
NHFYIDVG,0.175124,neutral
FIYSHLRN,0.022228,neutral
RGCYLHID,0.072931,neutral
RDFHCNIL,-0.053079,neutral
HSIRYNFD,-0.219082,neutral
VGISDCNF,-0.219426,neutral
SRGDIHLF,-0.262737,neutral
VSFHINCR,0.047143,neutral
SCFHLIYR,-0.226920,neutral
NYDSLIHC,-0.019858,neutral
NHRGYILF,0.153190,neutral
CVYGHSDI,0.044546,neutral
SYDINFRV,0.063633,neutral
CSHVNILR,-0.237948,neutral
VLFGHSYI,-0.177775,neutral
HCRLDNIF,-0.167701,neutral
FRLSDVHN,-0.140506,neutral
DHLFGSRN,-0.159170,neutral
YDNVGLIC,-0.144472,neutral
IVFLHRNS,0.081092,neutral
IVDYRNCH,-0.280011,neutral
HYNDCVLF,0.072318,neutral
GIRCDNYS,-0.199623,neutral
NRVLHYFG,0.064615,neutral
YLCFDRVI,0.143205,neutral
GIYNLSCD,-0.245966,neutral
VGSNLDYI,-0.008492,neutral
VLHDNCSI,-0.100481,neutral
DLHFYRGV,-0.011560,neutral
HNVFSCLR,0.165797,neutral
NGHYSVIL,0.185275,neutral
LHIFVGCD,-0.033772,neutral
DVHSRLGI,0.087821,neutral
LYNCRFDI,-0.161261,neutral
YSNGDVLR,0.159814,neutral
CLDYRVNI,0.075012,neutral
YLCRINGD,-0.177201,neutral
CHIYSDRN,0.144086,neutral
HLRSNCIF,0.162952,neutral
IFGHNVLS,0.045390,neutral
RYHLCGFS,0.016513,neutral
YFINGRHL,-0.238350,neutral
FSVLHRDC,-0.214427,neutral
FNDSRYLV,0.043055,neutral
FRCVHLGY,-0.293610,neutral
NSCGFRDI,0.160264,neutral
IHNLDSRG,-0.211446,neutral
YRFIVSDL,0.024213,neutral
VLYDRHCF,-0.066489,neutral
HYCLRNDF,-0.185868,neutral
DCSFLYVH,0.049152,neutral
GHYLFIRN,-0.043919,neutral
LYDHSINF,-0.257259,neutral
FHRIGLYN,-0.139599,neutral
HLCVDINR,-0.299518,neutral
IRCHNLVY,-0.214911,neutral
HISDFRCG,-0.152056,neutral
DGSRCFIL,-0.194221,neutral
DLVNFIRH,-0.149095,neutral
NLGVFRHC,0.112017,neutral
LNDYSVGI,-0.074956,neutral
GDRVHSLY,-0.288868,neutral
RFVIYGHS,-0.199440,neutral
RSIDYVLF,-0.277488,neutral
VCRFGLNS,0.050970,neutral
VNLSRGCD,-0.204865,neutral
HSYDCVGN,0.098435,neutral
HIGSDRLC,0.124911,neutral
YDVHIFGR,-0.270429,neutral
NGHDLVRY,-0.294430,neutral
VGSRYDIN,-0.231242,neutral
NYIRLFVG,-0.102106,neutral
NDRCHGIV,0.085270,neutral
DHYCNVIR,-0.132821,neutral
GCVNSYIR,-0.125267,neutral
HRCDYVNL,-0.124832,neutral
RDLYGNFS,-0.098696,neutral
NGYRCLHV,-0.056354,neutral
VSYNHLIF,-0.014016,neutral
HNIGDCRS,-0.259205,neutral
NDYLGVCI,0.002222,neutral
DISYLFRV,-0.253336,neutral
HYILDRNS,0.186633,neutral
IFLRCHGS,-0.098520,neutral
VRYNSHLF,-0.265293,neutral
DVFHNRLC,0.189002,neutral
NHRYILFD,-0.284133,neutral
DCLVIHFY,-0.255941,neutral
SLHRYFCI,-0.130927,neutral
LNIGSYHC,-0.117806,neutral
GRYCNIHF,-0.062870,neutral
LHDSGFRY,-0.002283,neutral
GNIFCVRS,-0.128806,neutral
VDNIRCSH,-0.027526,neutral
DVCFYILR,-0.051425,neutral
VRNSIYLC,-0.264318,neutral
NLFISCDR,0.156612,neutral
DVSFNYHI,-0.266099,neutral
VSLDHCGN,-0.003931,neutral
VLSYGHRN,0.140282,neutral
CRHFIYDN,-0.054856,neutral
YDSRCGFV,-0.252716,neutral
IYGVCSRN,-0.018570,neutral
NYSRHVIC,0.078900,neutral
ISVYDFHN,-0.294640,neutral
CRISGNLH,-0.224499,neutral
IGVSFHND,0.019321,neutral
DNHYISRC,0.188489,neutral
GVFIHNCY,-0.120744,neutral
FYICRSDV,0.010574,neutral
IYCSFNDH,-0.020248,neutral
IFHYVRCG,-0.279674,neutral
ILDSRYVG,0.066776,neutral
YGCDHRSV,-0.172794,neutral
CHNILVSD,0.033899,neutral
CVNFLHIR,-0.077508,neutral
RFIGDCYN,0.079516,neutral
IDRVGLHY,-0.264532,neutral
SVHRILDC,-0.260983,neutral
SHLRDNVI,-0.279752,neutral
GDYCRFHL,0.066190,neutral
LNGYSHFR,-0.048363,neutral
RNYLVHDS,-0.121132,neutral
DRNLIVCS,-0.273669,neutral
DSNILFVC,-0.019104,neutral
DCVFLSGY,-0.112732,neutral
DYISFHGC,0.014997,neutral
LIDVYGFS,-0.222720,neutral
FCRDLHIG,-0.221461,neutral
HYRGVSNC,0.132598,neutral
DCFGNLYI,-0.033421,neutral
VFDLCRYG,-0.111785,neutral
SHVFRNDL,-0.137045,neutral
CRLFSGVY,0.032083,neutral
SYRFIHNG,-0.264255,neutral
NHVRGCSL,-0.267471,neutral
SVFDGIHL,-0.151383,neutral
LGVHIRCS,0.036063,neutral
FHNDRYVC,-0.055739,neutral
CDHGFSLY,-0.228202,neutral
CLRFHGVS,-0.117676,neutral
IYNVDCLG,-0.137361,neutral
RHYLSDGF,-0.224400,neutral
IDSGNLFC,-0.279992,neutral
GVHDSRYL,-0.125009,neutral
CVINSGRD,0.069887,neutral
DSNCFGLH,-0.185488,neutral
NIGSRVHC,0.072889,neutral
YGDVFRNL,-0.258827,neutral
RCIVGYLN,-0.286931,neutral
HVFYIDRL,-0.260037,neutral
FRYNSLIV,0.043750,neutral
VGRNLSHY,-0.181862,neutral
YVFLSDCR,-0.047372,neutral
LIDHSNRV,-0.276444,neutral
NVHCLDRY,-0.289623,neutral
IHYCFGLS,-0.251426,neutral
GHCFRNDY,-0.127069,neutral
IFDSLYHV,-0.257657,neutral
VISNLHYC,-0.057236,neutral
LSRCHFDI,-0.053794,neutral
FVYHGCIL,-0.274915,neutral
CNYVHGDF,-0.206926,neutral
RDICNFLV,-0.038310,neutral
NDYHCVRS,-0.011226,neutral
HRVDFNIG,-0.126732,neutral
YLNCDSFR,-0.084140,neutral
RSLNFYGV,0.060567,neutral
NHCDLISF,0.157347,neutral
YSNVRCHI,0.020310,neutral
IDLHRCSF,-0.235792,neutral
YFHGDVRL,-0.021347,neutral
SIVYRFDH,-0.263179,neutral
VYGRHFIN,-0.004400,neutral
NLSGIRCD,-0.214097,neutral
RDSVYIHC,0.017315,neutral
RFLIDHYN,-0.214470,neutral
HGNRFYVD,-0.164477,neutral
FLICGDSY,-0.003133,neutral
YRNDGFCI,-0.295909,neutral
FLDNHSYI,0.069483,neutral
CDGRNIVL,0.181377,neutral
GDSNIFHC,-0.189424,neutral
VILNRFYG,-0.198070,neutral
IYRVCLSH,0.031423,neutral
NDFYHSGC,-0.235947,neutral
VSDHFIRG,0.050578,neutral
NSLFYHIV,-0.186589,neutral
YFINHVRC,-0.137109,neutral
RCDGLYIH,-0.039052,neutral
NLDVRFHY,0.069665,neutral
YSGLDFIN,-0.210185,neutral
CRYIVDNL,0.112839,neutral
VSNGFDRH,-0.256708,neutral
YCSFHLDR,-0.086428,neutral
IFNVRLGC,-0.295776,neutral
FSYHLGVC,-0.173418,neutral
VHLRDYNF,-0.103498,neutral
SDFGRHCL,-0.144107,neutral
CRSFHNYV,-0.217567,neutral
SIHCLVFG,-0.194120,neutral
VIGHLSCD,-0.190204,neutral
ICHNSDRG,-0.036986,neutral
VSRIYHCG,-0.278587,neutral
RFGIDSNY,0.072796,neutral
RYLCDVIH,-0.186607,neutral
IVHGYLSD,-0.217565,neutral
DGHYILCS,-0.131559,neutral
CFVNHGSD,0.042982,neutral
LHVFGNIS,-0.198413,neutral
VCSLDRNY,0.014697,neutral
YFHVRGLS,-0.049562,neutral
FNGSILRY,0.195916,neutral
SLYCHNFR,-0.169706,neutral
SHICVDNF,-0.037373,neutral
DFNSVLCI,-0.138390,neutral
DHNFLCVS,-0.255783,neutral
VYISGLNR,0.085674,neutral
SCHGRLVD,0.080802,neutral
RHLFNCSD,-0.264308,neutral
GHNFYDVS,-0.090887,neutral
HNCVILGS,-0.017395,neutral
IRSLHFYG,0.157217,neutral
HYCVFLIS,-0.292929,neutral
SVNIDYRL,-0.057671,neutral
SNIGVCYD,-0.006539,neutral
SHLYNDGC,-0.228405,neutral
SDFNHGRV,-0.250972,neutral
DCHVISNL,-0.200524,neutral
YVSFNLRG,0.170221,neutral
FVDCSLYR,0.033079,neutral
LSHCNRIG,-0.202079,neutral
VHLNFGRD,0.072873,neutral
VYIFNGDS,-0.129115,neutral
IFSNLGVH,-0.118940,neutral
CNLFIVHD,-0.275095,neutral
NFDHYSIG,-0.229402,neutral
FYRGLVHD,0.116670,neutral
YIDGVNLH,-0.148602,neutral
VYLGNIRH,-0.207472,neutral
YSFRHILN,-0.184278,neutral
SFCHNYDI,-0.098966,neutral
DCIYLHGR,-0.078469,neutral
SRGDHFCN,0.189165,neutral
VLGSIRCN,-0.111519,neutral
YVIFCSNG,-0.258148,neutral
DYHSFGRL,-0.092912,neutral
CNLSYRIG,-0.042783,neutral
DSHYVCNR,-0.182922,neutral
LNGVFDHY,-0.054603,neutral
HNIRCYVF,-0.299765,neutral
NLCHVRFI,-0.299875,neutral
GVCIYDLF,-0.038067,neutral
HLGCINRY,-0.256862,neutral
LYNDCGVF,-0.204881,neutral
GISCYNLD,0.199144,neutral
VNHRILGF,-0.297086,neutral
VFRLHGDN,-0.223602,neutral
LFCDGNSY,-0.160219,neutral
SCIYVGDH,-0.133281,neutral
VSDYCIFH,0.011621,neutral
DIRFHSVY,0.159259,neutral
RNFLDISV,-0.193975,neutral
GRFIVDLN,0.083316,neutral
DYNGCVRF,0.139586,neutral
GYNIVRLD,0.035827,neutral
FRYCSIVN,-0.018518,neutral
SIDYNHCL,0.126214,neutral
DIGLYNVF,0.082286,neutral
SGNCVLDR,-0.094129,neutral
SFCNDHGI,-0.266636,neutral
IGCDYVRS,-0.141632,neutral
IHFDSGNV,-0.122508,neutral
LRINSDHF,-0.208612,neutral
CLGYSVFN,-0.157438,neutral
DNVISFCH,-0.175259,neutral
RDSHGNIV,-0.294483,neutral
RSHGYLVI,-0.260363,neutral
RVNDIYLC,-0.257126,neutral
GCDSNHFI,-0.104787,neutral
CVIRLNDH,-0.174639,neutral
GYFNSRDV,-0.187108,neutral
NFRSVYGL,-0.246092,neutral
SDICLNGF,0.118455,neutral
HYNFILGV,-0.289547,neutral
YVHCDSRF,-0.161616,neutral
GFIHLYSD,-0.029390,neutral
RGNDSLYV,-0.048358,neutral
CRFGINLS,-0.153382,neutral
HRGYNDVI,-0.257894,neutral
NVGCIYDS,-0.207098,neutral
NRFVHLYG,-0.030810,neutral
CDSYNRHG,-0.005067,neutral
IFHCVGSY,0.018461,neutral
DRVYSLCH,-0.133166,neutral
DLNHYCIR,-0.282052,neutral
DVRYFSCG,-0.008702,neutral
CRDFIVHG,-0.197197,neutral
GLFNDCHV,-0.142888,neutral
VIRHDSNG,-0.210934,neutral
YRVIDSLC,-0.071886,neutral
IRDGNHCV,-0.248405,neutral
GCISYLVF,-0.068043,neutral
LCFDGRIV,0.075306,neutral
LSRFYDIC,-0.126313,neutral
HVSLDRIN,-0.107204,neutral
IRGHSNLF,-0.203964,neutral
HFSCNRDY,-0.288120,neutral
FDIRNHLV,0.055677,neutral
RFNVSDCH,-0.165951,neutral
YNSVHGIC,-0.099871,neutral
HDNYRCGS,0.009105,neutral
FRDCGISL,-0.249346,neutral
CGYVIFHL,0.025424,neutral
CHSFRGDI,-0.172256,neutral
HDLFGICY,0.180678,neutral
LFHNRCDI,0.082740,neutral
RISGFVCN,-0.264362,neutral
CIYNSVRD,-0.192071,neutral
NSCLDIVF,0.003269,neutral
DGLNCHFI,0.075897,neutral
NHCFLSGY,-0.082696,neutral
FVRDCGLH,0.012780,neutral
GVLSCYNR,-0.065923,neutral
LVFSGDNY,-0.062273,neutral
GCHYVISN,-0.182573,neutral
DLHIRNCF,-0.037540,neutral
HLGNFIVY,0.119237,neutral
LSHFGVDR,-0.034071,neutral
RIVFDLNG,0.048425,neutral
CRILFNDS,-0.262200,neutral
NFSLYCVI,-0.082368,neutral
LNYGCVIS,-0.176125,neutral
HGYNCLRI,-0.040911,neutral
HGFLDISR,-0.125457,neutral
VHYIDSFR,-0.049156,neutral
NDFYGVSR,0.062950,neutral
DGIRSLNY,0.012936,neutral
VSDLCYFG,0.184978,neutral
NRILSCVD,-0.094626,neutral
SGNHDRFV,-0.280051,neutral
CFHVSRLI,0.148901,neutral
FVDHYILN,-0.067003,neutral
RGYFILHN,-0.238611,neutral
IVGHCFLY,0.085060,neutral
LIHCDRVY,-0.218778,neutral
SNDLGCFI,-0.153616,neutral
VHSNYRIC,0.146737,neutral
CFNRYGDV,-0.016986,neutral
FRNLVYHD,-0.278514,neutral
VISLFGHN,-0.154974,neutral
VLRYCHDS,-0.178954,neutral
YCLDNRHV,-0.163360,neutral
NRHGCLFY,-0.189185,neutral
LIHDSRGC,-0.016232,neutral
CLSNHVRY,-0.127116,neutral
CINLSVFG,0.163820,neutral
LVYINFDR,-0.217100,neutral
LHGYNSIR,-0.089164,neutral
LGFHNYIS,-0.178914,neutral
FVDHGLIN,0.062453,neutral
NDVLIHRC,-0.058064,neutral
GNRFVIYH,-0.298632,neutral
NRLIGVCD,-0.298508,neutral
YNISDCGH,-0.003878,neutral
FLDNVGRY,-0.219014,neutral
YHDLICFS,-0.148625,neutral
IHDCLFNS,-0.160162,neutral
NCHGSDIV,0.174829,neutral
LFRSNDIY,-0.249359,neutral
SVNRLGHD,-0.182344,neutral
RICGYSFH,0.130854,neutral
YFDRINSC,-0.060669,neutral
FVRYGCDI,0.098655,neutral
YCFHNLDS,-0.255869,neutral
YRVCNIHG,-0.116382,neutral
NCIFRGYS,-0.201249,neutral
LRDYSHGI,0.020548,neutral
HCGDIYLN,-0.001692,neutral
HVDILYNS,0.015775,neutral
GSIHYRDL,-0.184421,neutral
NIDGLHVC,0.117353,neutral
ICFLHDVN,-0.056039,neutral
HVVFCRGH,0.272261,anti-toxic
HVVFCRGN,0.270377,anti-toxic
HVVLIVGG,0.238599,anti-toxic
HVVYFNGD,0.677172,anti-toxic
HVVRNLGN,0.364537,anti-toxic
HVVDICGY,0.473771,anti-toxic
HVVSFHGY,0.575476,anti-toxic
HVVRSNGF,0.400546,anti-toxic
HVVIVLGF,0.220885,anti-toxic
HVVLRHGF,0.307838,anti-toxic
HVVSFHGF,0.679805,anti-toxic
HVVHDFGS,0.227033,anti-toxic
HVVNIRGH,0.621070,anti-toxic
HVVIDCGD,0.365584,anti-toxic
HVVDSRGS,0.281005,anti-toxic
HVVILVGD,0.308508,anti-toxic
HVVRVFGL,0.554812,anti-toxic
HVVRSHGF,0.568192,anti-toxic
HVVVYRGL,0.805829,anti-toxic
HVVGVDGF,0.444197,anti-toxic
HVVHRSGF,0.423534,anti-toxic
HVVHDLGR,0.469720,anti-toxic
HVVLHNGH,1.141501,anti-toxic
HVVDVNGY,0.235951,anti-toxic
HVVSFHGS,0.235374,anti-toxic
HVVHDLGD,0.456232,anti-toxic
HVVGCRGG,0.354644,anti-toxic
HVVDSRGC,0.414541,anti-toxic
HVVDVNGI,0.231771,anti-toxic
HVVNHRGG,0.290710,anti-toxic
HVVFCNGI,0.219249,anti-toxic
HVVNDLGD,0.354321,anti-toxic
HVVIVGGH,0.354902,anti-toxic
HVVCIRGC,0.232539,anti-toxic
HVVINGGF,0.329345,anti-toxic
HVVRSHGV,0.384760,anti-toxic
HVVYFCGV,0.255028,anti-toxic
HVVDSRGG,0.517539,anti-toxic
HVVFSHGF,0.302482,anti-toxic
HVVNGFGL,0.211299,anti-toxic
HVVLCIGC,0.581965,anti-toxic
HVVGLHGR,0.627178,anti-toxic
HVVDVCGI,0.203020,anti-toxic
HVVFCYGH,0.378882,anti-toxic
HVVLRHGG,0.376484,anti-toxic
HVVYHRGD,0.376185,anti-toxic
HVVSFRGY,0.483436,anti-toxic
HVVIDLGG,0.200942,anti-toxic
HVVNRCGR,0.280361,anti-toxic
HVVNDRGS,0.276080,anti-toxic
HVVINYGI,0.229246,anti-toxic
HVVSFRGI,0.306627,anti-toxic
HVVINYGN,0.288737,anti-toxic
HVVLRNGG,0.643884,anti-toxic
HVVLRNGF,0.285583,anti-toxic
HVVRSLGC,0.290810,anti-toxic
HVVRSHGL,0.321014,anti-toxic
HVVINFGI,0.253186,anti-toxic
HVVRFNGS,0.323049,anti-toxic
HVVGFHGY,0.288274,anti-toxic
HVVLRVGF,0.405187,anti-toxic
HVVNHYGN,0.373563,anti-toxic
HVVHGYGH,0.470037,anti-toxic
HVVRFNGL,0.778289,anti-toxic
HVVRFNGC,0.281293,anti-toxic
HVVICRGV,0.250138,anti-toxic
HVVGIFGH,0.233938,anti-toxic
HVVLGDGY,0.362320,anti-toxic
HVVCNFGN,0.414690,anti-toxic
HVVFHDGD,0.214789,anti-toxic
HVVYNVGL,0.382611,anti-toxic
HVVHNGGY,0.431454,anti-toxic
HVVHLRGY,0.568455,anti-toxic
HVVLCFGR,0.254812,anti-toxic
HVVIGSGN,0.212740,anti-toxic
HVVYNVGF,0.556640,anti-toxic
HVVDIRGC,0.250784,anti-toxic
HVVVNRGR,0.288892,anti-toxic
HVVISVGG,0.585586,anti-toxic
HVVHVFGD,0.368435,anti-toxic
HVVYNVGS,0.352064,anti-toxic
HVVHFIGL,0.277235,anti-toxic
HVVISVGL,0.732187,anti-toxic
HVVLRCGI,0.254760,anti-toxic
HVVCVYGY,0.516232,anti-toxic
HVVIYCGY,0.642762,anti-toxic
HVVVCLGD,0.403542,anti-toxic
HVVSIHGL,0.587000,anti-toxic
HVVSCGGG,0.225257,anti-toxic
HVVIDGGR,0.343196,anti-toxic
HVVIYCGL,0.382652,anti-toxic
HVVVCLGS,0.583635,anti-toxic
HVVHIVGG,0.823719,anti-toxic
HVVCYGGL,0.328001,anti-toxic
HVVDNRGC,0.313154,anti-toxic
HVVIDGGH,0.561644,anti-toxic
HVVYDIGD,0.564572,anti-toxic
HVVDNRGN,0.221743,anti-toxic
HVVYVLGF,0.627367,anti-toxic
HVVCFNGN,0.582036,anti-toxic
HVVRHDGG,0.336600,anti-toxic
HVVRVLGF,0.220946,anti-toxic
HVVYVLGN,0.296166,anti-toxic
HVVVFNGF,0.319005,anti-toxic
HVVNDHGL,0.236287,anti-toxic
HVVSCYGF,0.263736,anti-toxic
HVVIHFGG,0.389412,anti-toxic
HVVSCYGD,0.638504,anti-toxic
HVVYVLGI,0.557429,anti-toxic
HVVLFYGF,0.332333,anti-toxic
HVVDNCGR,0.303445,anti-toxic
HVVVDCGF,0.489610,anti-toxic
HVVGRSGL,0.530227,anti-toxic
HVVHSDGL,0.355793,anti-toxic
HVVRHFGN,0.495570,anti-toxic
HVVFCHGR,0.317631,anti-toxic
HVVVCNGN,0.235365,anti-toxic
HVVNDHGY,0.684633,anti-toxic
HVVVIGGC,0.394791,anti-toxic
HVVLDSGN,0.238506,anti-toxic
HVVHIRGR,0.200333,anti-toxic
HVVNFSGR,0.686164,anti-toxic
HVVDYIGR,0.217075,anti-toxic
HVVLGCGC,0.315960,anti-toxic
HVVLDNGN,0.382636,anti-toxic
HVVFDRGY,0.250766,anti-toxic
HVVGLYGD,0.241525,anti-toxic
HVVSIRGC,0.277197,anti-toxic
HVVLDNGV,0.227627,anti-toxic
HVVSIRGN,0.223514,anti-toxic
HVVSIRGL,0.298606,anti-toxic
HVVGLYGI,0.470417,anti-toxic
HVVNYIGD,0.298232,anti-toxic
HVVNSHGF,1.031481,anti-toxic
HVVNYDGF,0.243687,anti-toxic
HVVICFGH,0.238491,anti-toxic
HVVDHYGG,0.290472,anti-toxic
HVVNSHGC,0.301977,anti-toxic
HVVNYSGN,0.249951,anti-toxic
HVVFYCGG,0.378244,anti-toxic
HVVDIHGH,0.563660,anti-toxic
HVVHGIGF,0.394488,anti-toxic
HVVHFYGD,0.212069,anti-toxic
HVVFVLGS,0.349821,anti-toxic
HVVFVLGR,0.235949,anti-toxic
HVVFSIGC,0.255137,anti-toxic
HVVINDGH,0.275858,anti-toxic
HVVYSRGY,0.575186,anti-toxic
HVVVRNGR,0.252118,anti-toxic
HVVLGYGC,0.507476,anti-toxic
HVVVHIGY,0.925305,anti-toxic
HVVRCNGD,0.284798,anti-toxic
HVVIGCGL,0.459225,anti-toxic
HVVFHLGC,0.406867,anti-toxic
HVVFYNGF,0.661981,anti-toxic
HVVDGVGS,0.474627,anti-toxic
HVVLGVGF,0.280273,anti-toxic
HVVFLDGH,0.448525,anti-toxic
HVVFRDGD,0.292211,anti-toxic
HVVLRSGV,0.543947,anti-toxic
HVVRNIGV,0.326198,anti-toxic
HVVSVFGN,0.804030,anti-toxic
HVVCYGGH,0.534158,anti-toxic
HVVNCGGR,0.569398,anti-toxic
HVVCYGGN,0.470898,anti-toxic
HVVSVFGH,0.253600,anti-toxic
HVVGNHGH,0.308295,anti-toxic
HVVSYNGS,0.425322,anti-toxic
HVVVDHGI,0.268170,anti-toxic
HVVRNIGI,0.343738,anti-toxic
HVVDNCGD,0.380638,anti-toxic
HVVHLVGV,0.292368,anti-toxic
HVVRCHGI,0.730519,anti-toxic
HVVVGIGH,0.270501,anti-toxic
HVVCRGGG,0.466419,anti-toxic
HVVGIFGI,0.313783,anti-toxic
HVVIFGGV,0.302034,anti-toxic
HVVGCHGG,0.446424,anti-toxic
HVVNVHGL,0.246257,anti-toxic
HVVHDVGD,0.352750,anti-toxic
HVVVNYGF,0.313826,anti-toxic
HVVGVYGG,0.238086,anti-toxic
HVVSVGGF,0.247716,anti-toxic
HVVCRVGF,0.229555,anti-toxic
HVVNGIGF,0.545871,anti-toxic
HVVNVHGC,0.381678,anti-toxic
HVVIFGGF,0.204696,anti-toxic
HVVIRVGI,0.215240,anti-toxic
HVVCSNGI,0.275708,anti-toxic
HVVLGRGL,0.307266,anti-toxic
HVVSVGGV,0.531391,anti-toxic
HVVLGRGV,0.291788,anti-toxic
HVVIGNGN,0.253553,anti-toxic
HVVSYLGF,0.409896,anti-toxic
HVVSYNGV,0.251603,anti-toxic
HVVIGNGF,0.638588,anti-toxic
HVVFDCGY,0.216474,anti-toxic
HVVICYGN,0.312115,anti-toxic
HVVVSGGG,0.740828,anti-toxic
HVVCSGGV,0.229563,anti-toxic
HVVGLHGH,0.689462,anti-toxic
HVVDNYGI,0.260088,anti-toxic
HVVHNGGC,0.313290,anti-toxic
HVVRYNGY,0.287794,anti-toxic
HVVLCRGC,0.432580,anti-toxic
HVVSRNGY,0.302840,anti-toxic
HVVVHYGG,0.277179,anti-toxic
HVVGCSGN,0.455124,anti-toxic
HVVGHDGD,0.290608,anti-toxic
HVVCGNGL,0.315395,anti-toxic
HVVCGNGN,0.329739,anti-toxic
HVVNFCGV,0.621571,anti-toxic
HVVVHYGL,0.274685,anti-toxic
HVVYVIGL,0.335890,anti-toxic
HVVDYLGN,0.244274,anti-toxic
HVVDRFGV,0.507720,anti-toxic
HVVYRFGI,0.207531,anti-toxic
HVVRCHGL,0.416761,anti-toxic
HVVRCHGC,0.222066,anti-toxic
HVVGLRGD,0.238329,anti-toxic
HVVDYLGC,0.217129,anti-toxic
HVVFDYGG,0.349732,anti-toxic
HVVSNVGL,0.291966,anti-toxic
HVVFVRGH,0.576600,anti-toxic
HVVHNVGS,0.515004,anti-toxic
HVVYFDGG,0.245732,anti-toxic
HVVSNVGF,0.630994,anti-toxic
HVVHVCGC,0.377935,anti-toxic
HVVYRFGV,0.767907,anti-toxic
HVVCRHGV,0.544738,anti-toxic
HVVLCHGC,0.281672,anti-toxic
HVVCNRGR,0.265927,anti-toxic
HVVCHDGC,0.386935,anti-toxic
HVVGNYGS,0.310362,anti-toxic
HVVIGHGF,0.372557,anti-toxic
HVVRGYGR,0.322289,anti-toxic
HVVYFCGL,0.210321,anti-toxic
HVVRYHGY,0.280055,anti-toxic
HVVLIHGD,0.873986,anti-toxic
HVVVNGGI,0.556855,anti-toxic
HVVGLNGD,0.201225,anti-toxic
HVVRGYGC,0.326746,anti-toxic
HVVRFLGV,0.333598,anti-toxic
HVVGNYGF,0.410888,anti-toxic
HVVLFNGR,0.249059,anti-toxic
HVVLFNGV,0.291655,anti-toxic
HVVCSLGF,0.336439,anti-toxic
HVVRLCGN,0.399408,anti-toxic
HVVGHCGN,0.361410,anti-toxic
HVVCGSGD,0.348048,anti-toxic
HVVRDCGS,0.259183,anti-toxic
HVVRDNGF,0.239767,anti-toxic
HVVCLFGS,0.785069,anti-toxic
HVVCGSGL,0.392585,anti-toxic
HVVHCIGC,0.316048,anti-toxic
HVVNDCGV,0.531945,anti-toxic
HVVDCVGY,0.208122,anti-toxic
HVVLRGGR,0.343175,anti-toxic
HVVCLFGN,0.230922,anti-toxic
HVVDCVGN,0.310264,anti-toxic
HVVNDCGC,0.563807,anti-toxic
HVVYLGGH,0.494240,anti-toxic
HVVDGHGI,0.585721,anti-toxic
HVVCFLGR,0.286892,anti-toxic
HVVRSFGS,0.665568,anti-toxic
HVVDGHGL,0.313929,anti-toxic
HVVDGHGN,0.458717,anti-toxic
HVVVICGY,0.676221,anti-toxic
HVVNLHGD,0.224008,anti-toxic
HVVDGHGY,0.280814,anti-toxic
HVVFYSGL,0.240225,anti-toxic
HVVHVRGG,0.671829,anti-toxic
HVVNLHGY,0.312210,anti-toxic
HVVYRVGD,0.257437,anti-toxic
HVVHRCGN,0.424949,anti-toxic
HVVGSDGL,0.464487,anti-toxic
HVVCFLGN,0.301086,anti-toxic
HVVSNCGN,0.444341,anti-toxic
HVVVIRGG,0.453850,anti-toxic
HVVGSVGV,0.296342,anti-toxic
HVVRYIGH,0.315351,anti-toxic
HVVCSRGH,0.212828,anti-toxic
HVVHSYGG,0.361040,anti-toxic
HVVCINGD,0.614946,anti-toxic
HVVHSYGH,0.346485,anti-toxic
HVVIDFGL,0.651183,anti-toxic
HVVFRLGV,0.322015,anti-toxic
HVVFRNGD,0.298696,anti-toxic
HVVRLIGC,0.311559,anti-toxic
HVVCGIGD,0.454157,anti-toxic
HVVGSVGF,0.779897,anti-toxic
HVVCINGV,0.387729,anti-toxic
HVVNLCGI,0.213238,anti-toxic
HVVFRLGD,0.245963,anti-toxic
HVVCRIGR,0.347252,anti-toxic
HVVFHRGI,0.506141,anti-toxic
HVVFRLGC,0.227199,anti-toxic
HVVLNHGR,0.328063,anti-toxic
HVVLDYGC,0.209365,anti-toxic
HVVNYSGC,0.380892,anti-toxic
HVVYLCGN,0.272466,anti-toxic
HVVSGCGF,0.448478,anti-toxic
HVVCYLGF,0.216205,anti-toxic
HVVHSGGR,0.240289,anti-toxic
HVVCDFGN,0.250741,anti-toxic
HVVLCYGS,0.335590,anti-toxic
HVVLCYGR,0.348495,anti-toxic
HVVLIYGL,0.420300,anti-toxic
HVVFNGGH,0.380245,anti-toxic
HVVYNLGN,0.318581,anti-toxic
HVVGDFGV,0.247183,anti-toxic
HVVSGFGD,0.617105,anti-toxic
HVVVFSGD,0.309761,anti-toxic
HVVIYHGL,0.397728,anti-toxic
HVVHINGD,0.320515,anti-toxic
HVVRVHGY,0.313140,anti-toxic
HVVHLNGF,0.382114,anti-toxic
HVVLYVGC,0.329545,anti-toxic
HVVSDLGS,0.248501,anti-toxic
HVVYNLGY,0.315946,anti-toxic
HVVIYHGS,0.333635,anti-toxic
HVVFNVGD,0.392990,anti-toxic
HVVVRYGL,0.554003,anti-toxic
HVVIYHGV,0.231269,anti-toxic
HVVHINGR,0.318159,anti-toxic
HVVYSLGH,0.286266,anti-toxic
HVVHRIGN,0.209773,anti-toxic
HVVDRIGS,0.229853,anti-toxic
HVVIDNGH,0.274513,anti-toxic
HVVLYSGL,0.297224,anti-toxic
HVVDIFGG,0.478950,anti-toxic
HVVDHNGD,0.295427,anti-toxic
HVVIYLGC,0.388227,anti-toxic
HVVNSVGS,0.564966,anti-toxic
HVVDRIGN,0.267881,anti-toxic
HVVHRIGS,0.208888,anti-toxic
HVVFSHGD,0.293196,anti-toxic
HVVVFNGD,0.285390,anti-toxic
HVVFVSGG,0.403695,anti-toxic
HVVYSCGF,0.415146,anti-toxic
HVVRGDGH,0.342703,anti-toxic
HVVINDGS,0.229354,anti-toxic
HVVDCLGF,0.276765,anti-toxic
HVVFYIGN,0.321913,anti-toxic
HVVSGHGS,0.337967,anti-toxic
HVVCHYGR,0.364124,anti-toxic
HVVLGDGS,0.356507,anti-toxic
HVVCHYGN,0.341620,anti-toxic
HVVDRCGC,0.219327,anti-toxic
HVVDRCGG,0.712759,anti-toxic
HVVDRCGH,0.578683,anti-toxic
HVVFHYGF,0.243881,anti-toxic
HVVNRYGR,0.207299,anti-toxic
HVVSGHGD,0.352578,anti-toxic
HVVRGDGV,0.220459,anti-toxic
HVVFNRGN,0.311245,anti-toxic
HVVSHGGS,0.290030,anti-toxic
HVVHSIGN,0.443438,anti-toxic
HVVISLGY,0.506877,anti-toxic
HVVDYVGN,0.435691,anti-toxic
HVVRISGL,0.206731,anti-toxic
HVVDFNGH,0.435705,anti-toxic
HVVDYVGD,0.554712,anti-toxic
HVVYSVGR,0.561430,anti-toxic
HVVDILGL,0.365562,anti-toxic
HVVICDGV,0.673548,anti-toxic
HVVFCVGD,0.218829,anti-toxic
HVVDILGG,0.345013,anti-toxic
HVVISLGG,0.309434,anti-toxic
HVVISLGC,0.687074,anti-toxic
HVVIGRGI,0.220797,anti-toxic
HVVDFYGN,0.221777,anti-toxic
HVVHCIGD,0.279293,anti-toxic
HVVHCIGF,0.277733,anti-toxic
HVVDFYGD,0.239219,anti-toxic
HVVDISGH,0.542658,anti-toxic
HVVLGSGN,0.409848,anti-toxic
HVVNRFGG,0.307113,anti-toxic
HVVIFDGS,0.484137,anti-toxic
HVVGFLGC,0.271370,anti-toxic
HVVVRIGS,0.501823,anti-toxic
HVVCSIGG,0.317552,anti-toxic
HVVSDVGN,0.248613,anti-toxic
HVVSLVGG,0.288182,anti-toxic
HVVFYRGF,0.463060,anti-toxic
HVVLYFGD,0.459478,anti-toxic
HVVYSCGC,0.314951,anti-toxic
HVVNGSGR,0.560217,anti-toxic
HVVRIFGG,0.322336,anti-toxic
HVVRIFGD,0.210544,anti-toxic
HVVCYFGV,0.345456,anti-toxic
HVVCIGGL,0.298056,anti-toxic
HVVCRSGH,0.302370,anti-toxic
HVVIGVGD,0.730119,anti-toxic
HVVIGVGC,0.457998,anti-toxic
HVVGNSGY,0.330092,anti-toxic
HVVNLFGI,0.270040,anti-toxic
HVVYSHGF,0.223057,anti-toxic
HVVNGSGI,0.280177,anti-toxic
HVVGYFGH,0.309622,anti-toxic
HVVRVCGV,0.247770,anti-toxic
HVVDVFGY,0.294862,anti-toxic
HVVDLYGI,0.270096,anti-toxic
HVVCRIGH,0.472111,anti-toxic
HVVCYSGL,0.277884,anti-toxic
HVVGVCGL,0.479832,anti-toxic
HVVHLCGN,0.761322,anti-toxic
HVVYDLGF,0.263500,anti-toxic
HVVRHIGI,0.437682,anti-toxic
HVVINRGV,0.488173,anti-toxic
HVVCYSGC,0.464195,anti-toxic
HVVINRGS,0.205863,anti-toxic
HVVFLVGG,0.308076,anti-toxic
HVVHNLGH,0.214772,anti-toxic
HVVFGYGG,0.383024,anti-toxic
HVVIHSGI,0.711569,anti-toxic
HVVVNFGY,0.233607,anti-toxic
HVVIYFGF,0.214000,anti-toxic
HVVSIFGS,0.202654,anti-toxic
HVVHNFGI,0.287520,anti-toxic
HVVRSYGY,0.785636,anti-toxic
HVVHNLGD,0.507064,anti-toxic
HVVFIYGY,0.292470,anti-toxic
HVVGVCGG,0.276331,anti-toxic
HVVVRSGD,0.462395,anti-toxic
HVVYFVGS,0.287578,anti-toxic
HVVLVHGN,0.248201,anti-toxic
HVVLSFGY,0.349253,anti-toxic
HVVLSFGV,0.776862,anti-toxic
HVVHNLGR,0.262581,anti-toxic
HVVFDLGG,0.304526,anti-toxic
HVVFIYGV,0.321998,anti-toxic
HVVNLIGR,0.329094,anti-toxic
HVVCGRGR,0.718011,anti-toxic
HVVGVIGG,0.369000,anti-toxic
HVVIHYGF,0.426565,anti-toxic
HVVVGIGL,0.759302,anti-toxic
HVVSNLGL,0.323229,anti-toxic
HVVLHIGF,0.276277,anti-toxic
HVVFVIGD,0.220266,anti-toxic
HVVCFYGI,0.246739,anti-toxic
HVVSCFGS,0.407290,anti-toxic
HVVLVHGH,0.240546,anti-toxic
HVVSNLGF,0.296295,anti-toxic
HVVFVIGC,1.046638,anti-toxic
HVVDLRGV,0.369171,anti-toxic
HVVRDSGV,0.498146,anti-toxic
HVVHGYGF,0.246068,anti-toxic
HVVSDFGD,0.219529,anti-toxic
HVVRDSGR,0.569278,anti-toxic
HVVNFVGH,0.266729,anti-toxic
HVVNFVGG,0.600684,anti-toxic
HVVHNYGD,0.301493,anti-toxic
HVVFHIGY,0.445197,anti-toxic
HVVDLRGG,0.446898,anti-toxic
HVVRDSGG,0.220517,anti-toxic
HVVIVCGI,0.352175,anti-toxic
HVVSDFGV,0.371247,anti-toxic
HVVISGGS,0.219562,anti-toxic
HVVDLRGL,0.255399,anti-toxic
HVVLCGGI,0.214801,anti-toxic
HVVCDGGI,0.645492,anti-toxic
HVVVLFGG,0.410444,anti-toxic
HVVNSGGI,0.851637,anti-toxic
HVVHNCGN,0.308808,anti-toxic
HVVRILGR,0.269187,anti-toxic
HVVDSCGH,0.327022,anti-toxic
HVVVGDGR,0.385407,anti-toxic
HVVCYDGC,0.527686,anti-toxic
HVVRIGGD,0.236896,anti-toxic
HVVGLCGG,0.309035,anti-toxic
HVVVRFGD,0.937388,anti-toxic
HVVFISGV,0.721557,anti-toxic
HVVNSGGV,0.324773,anti-toxic
HVVRNSGC,0.651728,anti-toxic
HVVNILGS,0.416270,anti-toxic
HVVYCRGD,0.385252,anti-toxic
HVVHDSGC,0.550294,anti-toxic
HVVVRDGG,0.317435,anti-toxic
HVVCGFGF,0.605668,anti-toxic
HVVHFNGC,0.396916,anti-toxic
HVVISCGG,0.202746,anti-toxic
HVVRCFGH,0.307687,anti-toxic
HVVVSRGH,0.218737,anti-toxic
HVVNCHGF,0.208340,anti-toxic
HVVGYLGS,0.240529,anti-toxic
HVVHFNGY,0.268847,anti-toxic
HVVCDIGV,0.555559,anti-toxic
HVVFDHGH,0.403869,anti-toxic
HVVFRSGR,0.306026,anti-toxic
HVVSNFGS,0.256918,anti-toxic
HVVDGCGH,0.430417,anti-toxic
HVVIHNGR,0.227980,anti-toxic
HVVNIVGC,0.230600,anti-toxic
HVVDSVGD,0.207232,anti-toxic
HVVCYSGH,0.240121,anti-toxic
HVVDFSGS,0.453783,anti-toxic
HVVDVHGY,0.219666,anti-toxic
HVVIVHGV,0.207020,anti-toxic
HVVRGHGL,0.564206,anti-toxic
HVVILRGL,0.323322,anti-toxic
HVVDSVGI,0.603606,anti-toxic
HVVILRGR,0.419371,anti-toxic
HVVIRSGC,0.206916,anti-toxic
HVVLGHGS,0.628797,anti-toxic
HVVYFIGV,0.656193,anti-toxic
HVVNCYGI,0.612909,anti-toxic
HVVYIVGI,0.200064,anti-toxic
HVVRCNGS,0.431272,anti-toxic
HVVCNYGY,0.304507,anti-toxic
HVVIHNGN,0.355092,anti-toxic
HVVCGLGH,0.245958,anti-toxic
HVVLDRGY,0.273191,anti-toxic
HVVVCNGF,0.304110,anti-toxic
HVVSHLGI,0.217362,anti-toxic
HVVDIGGD,0.222514,anti-toxic
HVVVCNGC,0.256168,anti-toxic
HVVYVDGG,0.385295,anti-toxic
HVVNLYGL,0.277980,anti-toxic
HVVCYVGG,0.208743,anti-toxic
HVVCYVGF,0.225990,anti-toxic
HVVIFRGY,0.372297,anti-toxic
HVVHFYGF,0.294084,anti-toxic
HVVRHNGL,0.396232,anti-toxic
HVVGRHGN,0.322471,anti-toxic
HVVSFLGS,0.277526,anti-toxic
HVVYGCGV,0.204539,anti-toxic
HVVGCVGR,0.291080,anti-toxic
HVVYFRGG,0.317510,anti-toxic
HVVGCVGY,0.255351,anti-toxic
HVVLINGH,0.273913,anti-toxic
HVVRNDGN,0.235378,anti-toxic
HVVDIVGN,0.232230,anti-toxic
HVVLINGN,0.366722,anti-toxic
HVVNLSGG,0.238949,anti-toxic
HVVYCFGI,0.325408,anti-toxic
HVVHNSGS,0.399730,anti-toxic
HVVHNLGI,0.263396,anti-toxic
HVVRSGGG,0.403865,anti-toxic
HVVNGRGD,0.275496,anti-toxic
HVVRNDGY,0.201402,anti-toxic
HVVCVGGI,0.402553,anti-toxic
HVVDRSGD,0.400056,anti-toxic
HVVFCGGG,0.462019,anti-toxic
HVVVGSGV,0.330844,anti-toxic
HVVHFSGL,0.335599,anti-toxic
HVVHNSGF,0.757779,anti-toxic
HVVRNDGR,0.834455,anti-toxic
HVVNGDGF,0.218385,anti-toxic
HVVGSFGF,0.446559,anti-toxic
HVVRSIGD,0.393182,anti-toxic
HVVNRFGR,0.240350,anti-toxic
HVVRSIGI,0.200611,anti-toxic
HVVHGFGF,0.248231,anti-toxic
HVVRVIGC,0.291994,anti-toxic
HVVGRDGD,0.277412,anti-toxic
HVVNGDGS,0.457041,anti-toxic
HVVSYCGF,0.292300,anti-toxic
HVVGRDGI,0.618288,anti-toxic
HVVFVSGH,0.371230,anti-toxic
HVVRFLGR,0.312206,anti-toxic
HVVDFIGF,0.538172,anti-toxic
HVVDGLGI,0.800070,anti-toxic
HVVYDCGC,0.579169,anti-toxic
HVVLCVGN,0.729040,anti-toxic
HVVFLNGY,0.203161,anti-toxic
HVVGHFGG,0.447628,anti-toxic
HVVRCYGN,0.545287,anti-toxic
HVVHSFGC,0.307420,anti-toxic
HVVICNGH,0.275513,anti-toxic
HVVDNHGN,0.587188,anti-toxic
HVVHNIGI,0.649890,anti-toxic
HVVFLNGD,0.437877,anti-toxic
HVVRHCGS,0.376362,anti-toxic
HVVICVGF,0.276150,anti-toxic
HVVFRCGV,0.207579,anti-toxic
HVVFIGGH,0.481544,anti-toxic
HVVFRCGR,0.351073,anti-toxic
HVVGNFGD,0.722345,anti-toxic
HVVHFNGL,0.253379,anti-toxic
HVVCFVGL,0.393338,anti-toxic
HVVVGRGR,0.202932,anti-toxic
HVVFYLGI,0.456702,anti-toxic
HVVGDSGF,0.510750,anti-toxic
HVVHLYGG,0.265786,anti-toxic
HVVSLNGF,0.344762,anti-toxic
HVVRNVGS,0.268504,anti-toxic
HVVFLHGN,0.482090,anti-toxic
HVVFLHGL,0.467446,anti-toxic
HVVNSFGH,0.564807,anti-toxic
HVVRHLGD,0.738208,anti-toxic
HVVFGYGV,0.203195,anti-toxic
HVVIHDGL,0.261393,anti-toxic
HVVLCVGL,0.233737,anti-toxic
HVVINSGF,0.281556,anti-toxic
HVVLCVGH,0.605274,anti-toxic
HVVLNGGN,0.398618,anti-toxic
HVVHDNGV,0.322525,anti-toxic
HVVDLCGD,0.248330,anti-toxic
HVVRFVGH,0.368049,anti-toxic
HVVCLDGD,0.343264,anti-toxic
HVVVCHGN,0.355560,anti-toxic
HVVFRIGD,0.273590,anti-toxic
HVVNHLGH,0.254775,anti-toxic
HVVRSVGV,0.885682,anti-toxic
HVVNRHGF,0.217186,anti-toxic
HVVFRIGI,0.278425,anti-toxic
HVVSFCGI,0.420447,anti-toxic
HVVDLCGR,0.219832,anti-toxic
HVVDLCGS,0.216275,anti-toxic
HVVISLGN,0.412062,anti-toxic
HVVLHVGF,0.264800,anti-toxic
HVVVDGGF,0.388768,anti-toxic
HVVDHCGY,0.500508,anti-toxic
HVVDNVGD,0.208579,anti-toxic
HVVVDGGC,0.219598,anti-toxic
HVVYVHGC,0.426187,anti-toxic
HVVIYGGD,0.300018,anti-toxic
HVVYVHGD,0.217489,anti-toxic
HVVRSCGS,0.237965,anti-toxic
HVVHFCGS,0.204455,anti-toxic
HVVDHCGN,0.824724,anti-toxic
HVVVDGGR,0.430150,anti-toxic
HVVYHLGS,0.247578,anti-toxic
HVVCVYGI,0.231520,anti-toxic
HVVYVHGV,0.491997,anti-toxic
HVVDHCGD,0.264061,anti-toxic
HVVGVNGC,0.448578,anti-toxic
HVVVYHGC,0.435604,anti-toxic
HVVDRHGY,0.397741,anti-toxic
HVVFYVGV,0.237191,anti-toxic
HVVGCDGI,0.204403,anti-toxic
HVVLIDGS,0.548288,anti-toxic
HVVLYSGR,0.403543,anti-toxic
HVVVGNGY,0.364328,anti-toxic
HVVFNSGY,0.288906,anti-toxic
HVVVCSGD,0.282414,anti-toxic
HVVGCFGC,0.292377,anti-toxic
HVVRSVGY,0.292593,anti-toxic
HVVFVHGL,0.203878,anti-toxic
HVVVGNGR,0.207645,anti-toxic
HVVVGNGS,0.270825,anti-toxic
HVVGYRGH,0.546780,anti-toxic
HVVVGHGG,0.514593,anti-toxic
HVVVYNGL,0.375824,anti-toxic
HVVGFYGI,0.215258,anti-toxic
HVVVGRGV,0.618387,anti-toxic
HVVNSLGN,0.279061,anti-toxic
HVVHRLGY,0.576911,anti-toxic
HVVINCGD,0.665392,anti-toxic
HVVYNCGN,0.290574,anti-toxic
HVVDLSGR,0.324799,anti-toxic
HVVGFYGG,0.454184,anti-toxic
HVVDRHGR,0.315695,anti-toxic
HVVVYIGL,0.242743,anti-toxic
HVVGNVGC,0.211612,anti-toxic
HVVFGRGV,0.257561,anti-toxic
HVVGDCGL,0.303975,anti-toxic
HVVCSGGF,0.329454,anti-toxic
HVVYRHGY,0.462123,anti-toxic
HVVDLSGD,0.389534,anti-toxic
HVVYRHGS,0.223767,anti-toxic
HVVHSCGR,0.259234,anti-toxic
HVVVYRGV,0.207152,anti-toxic
HVVYDGGI,0.361908,anti-toxic
HVVVNSGS,1.195347,anti-toxic
HVVHRFGS,0.200127,anti-toxic
HVVNHGGL,0.453672,anti-toxic
HVVIDYGS,0.235033,anti-toxic
HVVDRYGI,0.637510,anti-toxic
HVVGNLGN,0.264068,anti-toxic
HVVIDYGI,0.253612,anti-toxic
HVVHSLGY,0.276869,anti-toxic
HVVGIDGC,0.277452,anti-toxic
HVVHRFGF,0.353956,anti-toxic
HVVVNIGV,0.400826,anti-toxic
HVVHVLGD,0.481601,anti-toxic
HVVYVRGH,0.248747,anti-toxic
HVVHVLGS,0.353223,anti-toxic
HVVYRNGF,0.290202,anti-toxic
HVVFRYGS,0.249200,anti-toxic
HVVFDVGI,0.573340,anti-toxic
HVVGRSGR,0.502925,anti-toxic
HVVHCRGS,0.202692,anti-toxic
HVVVSIGG,0.306652,anti-toxic
HVVVSIGF,0.408699,anti-toxic
HVVYVCGN,0.407100,anti-toxic
HVVLDSGH,0.280266,anti-toxic
HVVFNIGL,0.311984,anti-toxic
HVVGFSGF,0.268147,anti-toxic
HVVCIFGG,0.659799,anti-toxic
HVVYVCGC,0.370310,anti-toxic
HVVVSIGH,0.367837,anti-toxic
HVVLVIGC,0.228063,anti-toxic
HVVHSVGV,0.642666,anti-toxic
HVVSVIGS,0.603516,anti-toxic
HVVRFYGF,0.412564,anti-toxic
HVVCNLGN,0.274053,anti-toxic
HVVCIDGD,0.233446,anti-toxic
HVVSIGGH,0.465869,anti-toxic
HVVFVIGF,0.654378,anti-toxic
HVVRNIGF,0.273020,anti-toxic
HVVNLGGF,0.622207,anti-toxic
HVVDVIGL,0.410630,anti-toxic
HVVSYHGF,0.364659,anti-toxic
HVVNFGGN,0.587296,anti-toxic
HVVSYHGH,0.235747,anti-toxic
HVVGSVGR,0.218635,anti-toxic
HVVNLGGH,0.259633,anti-toxic
HVVLYCGC,0.379564,anti-toxic
HVVGFIGI,0.501319,anti-toxic
HVVFIVGH,0.497813,anti-toxic
HVVSYHGR,0.416348,anti-toxic
HVVVSCGG,0.392163,anti-toxic
HVVSHRGG,0.230678,anti-toxic
HVVIHGGH,0.391922,anti-toxic
HVVVLIGR,0.401657,anti-toxic
HVVCSVGS,0.590376,anti-toxic
HVVHDLGS,0.253511,anti-toxic
HVVLYCGR,0.374378,anti-toxic
HVVSYFGH,0.327855,anti-toxic
HVVYDVGC,0.361159,anti-toxic
HVVLDVGS,0.382291,anti-toxic
HVVLDVGR,0.523005,anti-toxic
HVVYDVGL,0.568777,anti-toxic
HVVVDCGG,0.289721,anti-toxic
HVVFVNGC,0.311724,anti-toxic
HVVSYFGF,0.397867,anti-toxic
HVVLDYGH,0.230085,anti-toxic
HVVSYDGI,0.522789,anti-toxic
HVVLDVGL,0.534316,anti-toxic
HVVFVNGV,0.386014,anti-toxic
HVVVSNGH,0.470638,anti-toxic
HVVVHGGH,0.382600,anti-toxic
HVVVHGGI,0.405431,anti-toxic
HVVYRDGI,0.357342,anti-toxic
HVVCRLGG,0.539641,anti-toxic
HVVGHVGV,0.592522,anti-toxic
HVVRYFGY,0.207279,anti-toxic
HVVIHSGG,0.494157,anti-toxic
HVVVDCGL,0.511479,anti-toxic
HVVFLSGH,0.215484,anti-toxic
HVVVHGGY,0.431922,anti-toxic
HVVNYLGH,0.254819,anti-toxic
HVVSVRGS,0.248692,anti-toxic
HVVDLYGR,0.248277,anti-toxic
HVVFLSGC,0.200212,anti-toxic
HVVRNCGR,0.476405,anti-toxic
HVVCLSGH,0.333779,anti-toxic
HVVNDGGL,0.501385,anti-toxic
HVVGSLGY,0.280924,anti-toxic
HVVYNSGS,0.493113,anti-toxic
HVVSIRGV,0.402938,anti-toxic
HVVVCDGR,0.477818,anti-toxic
HVVLYHGG,0.324001,anti-toxic
HVVRLGGV,0.230873,anti-toxic
HVVNDGGC,0.225001,anti-toxic
HVVRLGGI,0.316420,anti-toxic
HVVDCRGH,0.709747,anti-toxic
HVVCIVGN,0.330055,anti-toxic
HVVSNIGS,0.247391,anti-toxic
HVVDGLGF,0.530441,anti-toxic
HVVVDFGN,0.337165,anti-toxic
HVVGSLGF,0.264104,anti-toxic
HVVRLGGF,0.432577,anti-toxic
HVVLFDGD,0.566370,anti-toxic
HVVCFHGG,0.302979,anti-toxic
HVVGHIGV,0.573708,anti-toxic
HVVYVHGY,0.272004,anti-toxic
HVVSDCGF,0.405134,anti-toxic
HVVRFIGN,0.202487,anti-toxic
HVVGHIGC,0.329203,anti-toxic
HVVIDRGI,0.501974,anti-toxic
HVVRGFGY,0.341805,anti-toxic
HVVIDRGN,0.392370,anti-toxic
HVVYCVGS,0.287858,anti-toxic
HVVHRVGH,0.223683,anti-toxic
HVVCHVGV,0.258010,anti-toxic
HVVLGFGG,0.245897,anti-toxic
HVVLVCGH,0.291536,anti-toxic
HVVFHIGD,0.570099,anti-toxic
HVVIYHGC,0.348133,anti-toxic
HVVCSVGR,0.484924,anti-toxic
HVVFSVGN,0.286763,anti-toxic
HVVCSVGH,0.353777,anti-toxic
HVVCLHGG,0.209737,anti-toxic
HVVVLCGC,0.230849,anti-toxic
HVVCLHGN,0.319611,anti-toxic
HVVCLHGL,0.334166,anti-toxic
HVVFNGGS,0.291717,anti-toxic
HVVFHVGC,0.244779,anti-toxic
HVVFRHGL,0.481718,anti-toxic
HVVDGFGD,0.209040,anti-toxic
HVVSVHGC,0.398634,anti-toxic
HVVIHCGV,0.263043,anti-toxic
HVVIHCGS,0.631859,anti-toxic
HVVFHVGN,0.323962,anti-toxic
HVVLYSGN,0.262907,anti-toxic
HVVYFSGV,0.308649,anti-toxic
HVVRFSGN,0.364487,anti-toxic
HVVVHFGY,0.529653,anti-toxic
HVVSRDGN,0.256685,anti-toxic
HVVGVSGD,0.317011,anti-toxic
HVVLYNGD,0.384304,anti-toxic
HVVVNHGL,0.229898,anti-toxic
HVVRHSGN,0.229558,anti-toxic
HVVDFLGG,0.316582,anti-toxic
HVVVNYGH,0.535745,anti-toxic
HVVYLRGC,0.239795,anti-toxic
HVVGNIGH,0.548077,anti-toxic
HVVSVYGY,0.381390,anti-toxic
HVVNRGGG,0.286060,anti-toxic
HVVSDHGS,0.266386,anti-toxic
HVVLYSGG,0.285814,anti-toxic
HVVDYHGR,0.473250,anti-toxic
HVVVYGGR,0.383798,anti-toxic
HVVISDGV,0.514690,anti-toxic
HVVYRIGC,0.513786,anti-toxic
HVVVLFGC,0.228461,anti-toxic
HVVNSRGV,0.436104,anti-toxic
HVVISDGR,0.334717,anti-toxic
HVVYRIGN,0.424614,anti-toxic
HVVHILGF,0.343754,anti-toxic
HVVSHIGR,0.323298,anti-toxic
HVVDHLGG,0.422314,anti-toxic
HVVYRIGH,0.437821,anti-toxic
HVVLVSGL,0.204341,anti-toxic
HVVSHIGN,0.280566,anti-toxic
HVVLNRGH,0.240207,anti-toxic
HVVRIYGC,0.327399,anti-toxic
HVVNSRGI,0.290769,anti-toxic
HVVHRNGN,0.473968,anti-toxic
HVVVFHGI,0.509663,anti-toxic
HVVLNRGC,0.231329,anti-toxic
HVVCDSGL,0.373750,anti-toxic
HVVNILGG,0.481692,anti-toxic
HVVVHRGS,0.343721,anti-toxic
HVVHRGGH,0.465553,anti-toxic
HVVLNGGL,0.255031,anti-toxic
HVVSHCGS,0.209195,anti-toxic
HVVCISGC,0.200131,anti-toxic
HVVSHCGI,0.504769,anti-toxic
HVVYRSGS,0.213295,anti-toxic
HVVFSYGI,0.206246,anti-toxic
HVVYGDGV,0.487874,anti-toxic
HVVDYRGG,0.432754,anti-toxic
HVVYLNGH,0.521503,anti-toxic
HVVCIYGY,0.259895,anti-toxic
HVVCNGGS,0.289572,anti-toxic
HVVRVNGN,0.544723,anti-toxic
HVVGYHGD,0.279090,anti-toxic
HVVYFDGV,0.290334,anti-toxic
HVVCIYGR,0.232522,anti-toxic
HVVHYRGG,0.360960,anti-toxic
HVVFLCGF,0.350782,anti-toxic
HVVSLCGF,0.208754,anti-toxic
HVVFHGGL,0.207244,anti-toxic
HVVSLCGL,0.243940,anti-toxic
HVVSLCGN,0.235185,anti-toxic
HVVLSYGH,0.386523,anti-toxic
HVVDGVGL,0.498234,anti-toxic
HVVCNGGH,0.287873,anti-toxic
HVVNCFGD,0.363304,anti-toxic
HVVYSRGD,0.381543,anti-toxic
HVVLSHGI,0.260786,anti-toxic
HVVSVYGL,0.324045,anti-toxic
HVVCNVGF,0.356172,anti-toxic
HVVRIDGI,0.222281,anti-toxic
HVVSDRGN,0.330414,anti-toxic
HVVYGRGV,0.235287,anti-toxic
HVVVIHGH,0.384413,anti-toxic
HVVLCDGN,0.561855,anti-toxic
HVVLNYGL,0.255854,anti-toxic
HVVRSDGL,0.499994,anti-toxic
HVVIYDGS,0.440845,anti-toxic
HVVGYDGI,0.373966,anti-toxic
HVVNSYGN,0.248899,anti-toxic
HVVLSNGD,0.283489,anti-toxic
HVVHGLGL,0.394145,anti-toxic
HVVYSGGN,0.242360,anti-toxic
HVVNLDGL,0.304584,anti-toxic
HVVVDNGY,0.212097,anti-toxic
HVVYNGGC,0.335967,anti-toxic
HVVYSGGD,0.462167,anti-toxic
HVVGYDGF,0.363736,anti-toxic
HVVFSNGL,0.302352,anti-toxic
HVVNLFGN,0.469556,anti-toxic
HVVNVRGG,0.216326,anti-toxic
HVVHVGGR,0.305399,anti-toxic
HVVHNFGL,0.256465,anti-toxic
HVVLNCGH,0.602791,anti-toxic
HVVNFYGY,0.539328,anti-toxic
HVVRYCGH,0.230907,anti-toxic
HVVHCFGF,0.238804,anti-toxic
HVVCSFGL,0.321651,anti-toxic
HVVLSDGH,0.238468,anti-toxic
HVVCFYGD,0.325001,anti-toxic
HVVINVGI,0.278061,anti-toxic
HVVHLGGD,0.230535,anti-toxic
HVVIFVGC,0.253012,anti-toxic
HVVRVGGN,0.201543,anti-toxic
HVVCNSGN,0.512186,anti-toxic
HVVYRCGI,0.210748,anti-toxic
HVVYFRGN,0.262525,anti-toxic
HVVCNSGG,0.744061,anti-toxic
HVVIGCGH,0.230712,anti-toxic
HVVISCGH,0.387804,anti-toxic
HVVVSYGH,0.491483,anti-toxic
HVVFCIGD,0.388549,anti-toxic
HVVCSHGG,0.483833,anti-toxic
HVVNGYGG,0.256353,anti-toxic
HVVIVYGF,0.509843,anti-toxic
HVVDYCGS,0.344351,anti-toxic
HVVIVYGD,0.210359,anti-toxic
HVVCRFGV,0.235286,anti-toxic
HVVNIDGI,0.284373,anti-toxic
HVVRHGGC,0.693300,anti-toxic
HVVCDHGY,0.437565,anti-toxic
HVVRYVGH,0.549847,anti-toxic
HVVYCNGL,0.234723,anti-toxic
HVVCYLGH,0.454323,anti-toxic
HVVSCDGY,0.278786,anti-toxic
HVVYNLGV,0.260824,anti-toxic
HVVCYLGV,0.212993,anti-toxic
HVVVIDGI,0.241145,anti-toxic
HVVCYLGS,0.495363,anti-toxic
HVVINLGG,0.293941,anti-toxic
HVVCDHGF,0.235168,anti-toxic
HVVSRCGG,0.501596,anti-toxic
HVVFVCGR,0.737031,anti-toxic
HVVRVHGR,0.539700,anti-toxic
HVVILFGS,0.255707,anti-toxic
HVVYIDGI,0.396706,anti-toxic
HVVDSYGF,0.549382,anti-toxic
HVVFGHGF,0.618299,anti-toxic
HVVNGLGC,0.521672,anti-toxic
HVVCFIGS,0.408631,anti-toxic
HVVVHNGF,0.279014,anti-toxic
HVVSRCGR,0.326553,anti-toxic
HVVIRFGH,0.380429,anti-toxic
HVVIDVGL,0.641972,anti-toxic
HVVDSYGV,0.531643,anti-toxic
HVVSDLGY,0.420337,anti-toxic
HVVIGDGF,0.262042,anti-toxic
HVVFGRGR,0.233998,anti-toxic
HVVIYNGI,0.424179,anti-toxic
HVVSRYGC,0.482044,anti-toxic
HVVIRLGG,0.465940,anti-toxic
HVVGYHGS,0.217746,anti-toxic
HVVCVHGS,0.404997,anti-toxic
HVVVNSGV,0.399972,anti-toxic
HVVIRLGH,0.263437,anti-toxic
HVVSNFGY,0.331371,anti-toxic
HVVNGVGF,0.547744,anti-toxic
HVVNYVGC,0.245139,anti-toxic
HVVVIHGD,0.293017,anti-toxic
HVVSNDGV,0.411802,anti-toxic
HVVSGDGC,0.282515,anti-toxic
HVVIRLGY,0.215435,anti-toxic
HVVSNVGH,0.369344,anti-toxic
HVVFGDGG,0.555292,anti-toxic
HVVIYSGF,0.381870,anti-toxic
HVVVINGI,0.375038,anti-toxic
HVVNHGGR,0.412078,anti-toxic
HVVCYNGG,0.443238,anti-toxic
HVVFVGGF,0.749583,anti-toxic
HVVNCLGG,0.483120,anti-toxic
