Peptide,ID
YNFIGFFR,1
SHFFYGVF,2
RFLYFGHL,3
GFYYVCII,4
YYRIICVF,5
CLYIVRFL,6
HYYIIYFI,7
RYYYIIFV,8
FCLFRGFG,9
YNIFYILY,10
FRIFVFLI,11
FFRIVLVV,12
YHLVYRIY,13
HRVVYVFI,14
RHFFYGVF,15
RNFFYGVF,16
RFRILILL,17
DFDGVGIS,18
CFYVIHII,19
FRIFYRIF,20
YYYLGFNF,21
RYYIICLV,22
FRCIIVRL,23
YRLIIFFY,24
DYVIIVYR,25
VRFYVYLI,26
HRFFYVLF,27
YYYVFYLC,28
CYRLYIIF,29
LRVYLVFV,30
NYLFYCFL,31
IYFIYLRR,32
DYYIVFLV,33
YYRIYCYF,34
RFIIIRLH,35
RIYYIIIC,36
YSCYLILF,37
IRHVYIII,38
IVIIRCVR,39
SLYIFFIC,40
RRIIIVFL,41
IYVFSFGV,42
YRVIVFFY,43
YRLFLVYF,44
