Peptide,Database
PFKLSLHL,APD
FFHLHFHY,APD
FFFLSRIF,APD
ISVCITVC,APD
KIIFLIAI,APD
RLGDGCTR,APD
VAVLVLGA,APD
FWQKMSFA,APD
RYPAVGYT,APD
WWWLRKIW,APD
WLPWAPWV,BAGEL4
ITVCITVC,BAGEL4
TVPTPFPL,BAGEL4
YTANPRYP,BAGEL4
PASYPTIP,BAGEL4
YVPLILPP,BAGEL4
LPWVPLTP,BAGEL4
YDFWKVYP,BAGEL4
YDFWKAVP,BAGEL4
LYCNPSLC,BAGEL4
EIGVYGLP,BAGEL4
ITACITFC,BAGEL4
VTVCITFC,BAGEL4
VTVCVSFC,BAGEL4
ITACLTFC,BAGEL4
TLPVPTVC,BAGEL4
TVPVPSFC,BAGEL4
GLVMFGVP,BAGEL4
ITVCISVC,BAGEL4
LTACITFC,BAGEL4
CTFCCTLC,BAGEL4
VCFCICVP,BAGEL4
CTFCCTLC,BAGEL4
VRPYLVAF,CAMPR3
PFKLSLHL,CAMPR3
QPFSLERW,CAMPR3
ASILTNAS,CAMPR3
TCSYTMEA,CAMPR3
FFHLHFHY,CAMPR3
PFKISIHL,CAMPR3
VAGRAQGM,CAMPR3
WKLFDDGV,CAMPR3
FFFLSRIF,CAMPR3
RPLSWLPK,DADP
VPPKGVSM,DADP
GFTPFRIY,DADP
APPGFTPF,DADP
RPPGFTPF,DADP
RPPGFTPF,DADP
VPPGFTPF,DADP
RPPGFSPF,DADP
IPPQFMRF,DADP
CKIALPYT,DADP
FFFLSRIF,DADP
RPPSWIPK,DADP
APRKNVRW,MilkAMP
VLNENLLR,MilkAMP
FALPQYLK,MilkAMP
YYQQKPVA,MilkAMP
VESTVATL,MilkAMP
VQVTSTAV,MilkAMP
RRSVQWCA,MilkAMP
TCSYTMEA,DRAMP
PFKISIHL,DRAMP
KIWVIRWR,DRAMP
RIWVIRWR,DRAMP
RIWVIWRR,DRAMP
RRWVIWRR,DRAMP
LLKWLKKL,DRAMP
KLLKWLLK,DRAMP
APRKNVRW,DRAMP
APRKNVRF,DRAMP
APRKNVKW,DRAMP
APRKNLKW,DRAMP
APRKQLKW,DRAMP
APRRQLKW,DRAMP
APKKQLKW,DRAMP
AFRKQLKW,DRAMP
LFRKQLKW,DRAMP
WFRKQLKW,DRAMP
KLKLLLLL,DRAMP
ASILTNAS,DRAMP
RPPGFSPF,DRAMP
RPPGFTPF,DRAMP
KYGDVPLY,DRAMP
DWTXWSXL,DRAMP
QPFSLERW,DRAMP
WRRRRRRR,DRAMP
FFHLHFHY,DRAMP
HCLAIGRR,DRAMP
RYPAVGYT,DRAMP
PFKISIHL,ANTISTAPHYBASE
HCLAIGRR,ANTISTAPHYBASE
KLKLLLLL,ANTISTAPHYBASE
PFKLSLHL,InverPep
RYPAVGYT,InverPep
QPFSLERW,InverPep
