CS418 Motif,PepSeq Motif
FFF,...FF...
FFF,......FF
FFF,..FFF...
FFF,FFF.....
FFF,....FF..
FFF,.F.F....
FFF,..FF....
YFFFFYYY,...F...Y
YFFFFYYY,.F.....Y
YFFFFYYY,......YY
YFFFFYYY,.....Y.Y
YFFFFYYY,Y..F....
YFFFFYYY,..F....Y
YFFFFYYY,Y......Y
YFFFFYYY,....F..Y
YFFFFYYY,...FF...
YFFFFYYY,...F..Y.
YFFFFYYY,Y.....Y.
YFFFFYYY,.F....Y.
YFFFFYYY,YF......
YFFFFYYY,.F.FF...
YFFFFYYY,Y....Y..
YFFFFYYY,..FFF...
YFFFFYYY,.F.F....
YFFFFYYY,..FF....
YFFFFYYY,Y.F..Y..
YFFFFYYY,...FF..Y
YFFFFYYY,Y.F.....
FLDYIIDV,F..Y....
CNDYIFGD,C..Y....
CNDYIFGD,....IF..
FCVFF,...F...F
FCVFF,...FF...
FCVFF,....C..F
FCVFF,...F..F.
FCVFF,......FF
FCVFF,....V.F.
FCVFF,F.V.F...
FCVFF,FC.F....
FCVFF,...VF...
FCVFF,....FF..
FCVFF,F...F...
FCVFF,...FC..F
FCVFF,F.VF....
FCVFF,.C.FF...
FCVFF,....C.FF
FCVFF,FC..F...
FCFFCF,....F..F
FCFFCF,...C...F
FCFFCF,.CF.C...
FCFFCF,..F....F
FCFFCF,...FF...
FCFFCF,...F..F.
FCFFCF,FC..C...
FCFFCF,.FCF....
FCFFCF,...CF.C.
FCFFCF,F...CF..
FCFFCF,F..F.F..
FCFFCF,.F....F.
FCFFCF,.C.FC...
FCFFCF,...C.FC.
FCFFCF,F..FC...
FCFFCF,F.F..F..
FCFFCF,.F.FF...
FCFFCF,FC.F....
FCFFCF,..FC...F
FCFFCF,F.F.C...
FCFFCF,....FF..
FCFFCF,...C..CF
FCFFCF,.F.F....
FCFFCF,..FF....
FFFFFF,....F..F
FFFFFF,...F...F
FFFFFF,..F....F
FFFFFF,...FF...
FFFFFF,...F..F.
FFFFFF,......FF
FFFFFF,F..F.F..
FFFFFF,.F....F.
FFFFFF,F.F..F..
FFFFFF,.F.FF...
FFFFFF,..F.F.F.
FFFFFF,..F...FF
FFFFFF,F.F.F...
FFFFFF,..FFF...
FFFFFF,FFF.....
FFFFFF,....FF..
FFFFFF,FF..F...
FFFFFF,F...F...
FFFFFF,.F.F....
FFFFFF,..FF....
FLIFFFFL,...FF...
FLIFFFFL,...F..F.
FLIFFFFL,F..F.F..
FLIFFFFL,F.....F.
FLIFFFFL,F.I.....
FLIFFFFL,....FF..
FLIFFFFL,F...F...
FLIFFFFL,F......L
FLIFFFFL,F.I...F.
FFFFFFFF,....F..F
FFFFFFFF,F......F
FFFFFFFF,...F...F
FFFFFFFF,..F....F
FFFFFFFF,...FF...
FFFFFFFF,...F..F.
FFFFFFFF,......FF
FFFFFFFF,.F.....F
FFFFFFFF,.F..F..F
FFFFFFFF,F..F...F
FFFFFFFF,F..F.F..
FFFFFFFF,.F....F.
FFFFFFFF,F.....F.
FFFFFFFF,F.F..F..
FFFFFFFF,.F.FF...
FFFFFFFF,F...F..F
FFFFFFFF,..F.F.F.
FFFFFFFF,..F...FF
FFFFFFFF,F.F.F...
FFFFFFFF,..FFF...
FFFFFFFF,FFF.....
FFFFFFFF,....FF..
FFFFFFFF,FF..F...
FFFFFFFF,F...F...
FFFFFFFF,FF....F.
FFFFFFFF,.F.F....
FFFFFFFF,..FF....
FFFFFFFF,.F.F...F
FFFFFRFF,....F..F
FFFFFRFF,F......F
FFFFFRFF,...F...F
FFFFFRFF,..F....F
FFFFFRFF,...FF...
FFFFFRFF,...F..F.
FFFFFRFF,......FF
FFFFFRFF,.F.....F
FFFFFRFF,.F..F..F
FFFFFRFF,F..F...F
FFFFFRFF,.F....F.
FFFFFRFF,F.....F.
FFFFFRFF,.F.FF...
FFFFFRFF,F...F..F
FFFFFRFF,..F.F.F.
FFFFFRFF,..F...FF
FFFFFRFF,F.F.F...
FFFFFRFF,..FFF...
FFFFFRFF,FFF.....
FFFFFRFF,FF..F...
FFFFFRFF,F...F...
FFFFFRFF,FF....F.
FFFFFRFF,.F.F....
FFFFFRFF,..FF....
FFFFFRFF,.F.F...F
HYIRVFYL,.Y....Y.
FIFFFCNR,F..F.C..
FIFFFCNR,...FF...
FIFFFCNR,F.F..C..
FIFFFCNR,F.F.F...
FIFFFCNR,..FFF...
FIFFFCNR,F...F...
FIFFFCNR,F...FC..
FIFFFCNR,..FF....
VHLFFLFR,...FF...
VHLFFLFR,...F..F.
VHLFFLFR,..LF....
VHLFFLFR,..L...F.
VCSYCNVC,.C..C..C
VCSYCNVC,.C.YC...
LFRFRCRC,.F.F....
LFRFRCRC,.F...C.C
LFRFRCRC,...F.C.C
FFRCRFGC,F..C.F..
FFRCRFGC,FF.....C
FFRCRFGC,F....FG.
FFFCCCCF,F..CC...
FFFCCCCF,F..C..C.
FFFCCCCF,F......F
FFFCCCCF,...C...F
FFFCCCCF,...C.CC.
FFFCCCCF,...CC.C.
FFFCCCCF,FF..C...
FFFCCCCF,..F....F
FFFCCCCF,....C..F
FFFCCCCF,.F.C.C..
FFFCCCCF,F..C.C..
FFFCCCCF,F...C.C.
FFFCCCCF,....C.CF
FFFCCCCF,F.....CF
FFFCCCCF,....CCC.
FFFCCCCF,F....C.F
FFFCCCCF,...CCC..
FFFCCCCF,..F.C.C.
FFFCCCCF,.F.....F
FFFCCCCF,F..CC.C.
FFFCCCCF,...C.C.F
FFFCCCCF,F...CC..
FFFCCCCF,F....CC.
FFFCCCCF,F.F..C..
FFFCCCCF,.F.C..C.
FFFCCCCF,F...C..F
FFFCCCCF,..FC...F
FFFCCCCF,F.F...C.
FFFCCCCF,F.F.C...
FFFCCCCF,.F..C.C.
FFFCCCCF,F..C...F
FFFCCCCF,FFF.....
FFFCCCCF,..FC.C..
FFFCCCCF,...C..CF
FFFCCCCF,...CC..F
FFFCCCCF,..F..C.F
FFFCCCCF,.F.CC...
FLT,-
LRC,-
CGV,-
WRC,-
GGV,-
*TTTCG*,-
FLFLFL(F/L),-
*TTTCTTT*,-
FFFFFF(F/L),-
*TTTTCCTT*,-
